{
  "type": "FeatureCollection",
  "source": {
    "datasetId": "GYEONGBUK-FOREST-HABITAT-47-2025",
    "title": "Gyeongbuk forest-habitat polygons (47_1 and 47_2)",
    "provider": "Korea Forest Service",
    "sourceUrl": "https://map.forest.go.kr/",
    "licence": "Source licence terms were not supplied with the forest-map shapefiles.",
    "attribution": "Korea Forest Service, Gyeongbuk forest map shards 47_1 and 47_2.",
    "snapshotFilename": "gyeongbuk-forest-habitat-zones-2025.geojson",
    "sourceFileChecksum": "sha256:93bb45655daeff2c50fd6ac3f6e5f2fc0fe10e8b25bcb47939393bb6f58be1d5",
    "checksum": "sha256:ec859f3f9458adda07bc9f5a862c0db7ee1e55a78cbaad383228bc6e4a18f939"
  },
  "features": [
    {
      "type": "Feature",
      "properties": {
        "sourceRecordId": "47_1:000001",
        "sourceShard": "47_1",
        "FRTP_CD": "1",
        "FRTP_NM": "침엽수림",
        "KOFTR_GROU": "15",
        "KOFTR_NM": "곰솔",
        "updatedYear": "2017"
      },
      "geometry": {
        "type": "Polygon",
        "coordinates": [
          [
            [
              129.47362245486298,
              36.734898889743874
            ],
            [
              129.47394823653872,
              36.73496628879389
            ],
            [
              129.4748589449639,
              36.73463064210529
            ],
            [
              129.47501484853277,
              36.734274012683656
            ],
            [
              129.47362245486298,
              36.734898889743874
            ]
          ]
        ]
      }
    },
    {
      "type": "Feature",
      "properties": {
        "sourceRecordId": "47_1:000002",
        "sourceShard": "47_1",
        "FRTP_CD": "1",
        "FRTP_NM": "침엽수림",
        "KOFTR_GROU": "15",
        "KOFTR_NM": "곰솔",
        "updatedYear": ""
      },
      "geometry": {
        "type": "Polygon",
        "coordinates": [
          [
            [
              129.4741574059842,
              36.700908756843596
            ],
            [
              129.4747815223412,
              36.70146779579459
            ],
            [
              129.4746760593612,
              36.701181876854044
            ],
            [
              129.47482166541178,
              36.70037690207245
            ],
            [
              129.47467035530656,
              36.70021385748282
            ],
            [
              129.47447594928988,
              36.70025816216965
            ],
            [
              129.4744450482457,
              36.70010041495682
            ],
            [
              129.4741574059842,
              36.700908756843596
            ]
          ]
        ]
      }
    },
    {
      "type": "Feature",
      "properties": {
        "sourceRecordId": "47_1:000003",
        "sourceShard": "47_1",
        "FRTP_CD": "1",
        "FRTP_NM": "침엽수림",
        "KOFTR_GROU": "15",
        "KOFTR_NM": "곰솔",
        "updatedYear": ""
      },
      "geometry": {
        "type": "Polygon",
        "coordinates": [
          [
            [
              129.47402191176198,
              36.70281787851881
            ],
            [
              129.4741328009957,
              36.703035785238384
            ],
            [
              129.47444606176876,
              36.702974200036614
            ],
            [
              129.47440927002648,
              36.70267959743864
            ],
            [
              129.47514852593605,
              36.702031735117075
            ],
            [
              129.47519956412853,
              36.70165549237833
            ],
            [
              129.47486961867583,
              36.70170430505187
            ],
            [
              129.47447481249372,
              36.70201949970205
            ],
            [
              129.47447507731093,
              36.702516165487644
            ],
            [
              129.4742255069503,
              36.7025151105617
            ],
            [
              129.47402191176198,
              36.70281787851881
            ]
          ]
        ]
      }
    },
    {
      "type": "Feature",
      "properties": {
        "sourceRecordId": "47_1:000004",
        "sourceShard": "47_1",
        "FRTP_CD": "2",
        "FRTP_NM": "활엽수림",
        "KOFTR_GROU": "30",
        "KOFTR_NM": "기타활엽수",
        "updatedYear": ""
      },
      "geometry": {
        "type": "Polygon",
        "coordinates": [
          [
            [
              129.4746760593612,
              36.701181876854044
            ],
            [
              129.47486961867583,
              36.70170430505187
            ],
            [
              129.47519956412853,
              36.70165549237833
            ],
            [
              129.474944851412,
              36.700654038054694
            ],
            [
              129.47525664134554,
              36.69963000178877
            ],
            [
              129.47489488468958,
              36.700242738486494
            ],
            [
              129.47473226251134,
              36.70025609252603
            ],
            [
              129.4746760593612,
              36.701181876854044
            ]
          ]
        ]
      }
    },
    {
      "type": "Feature",
      "properties": {
        "sourceRecordId": "47_1:000005",
        "sourceShard": "47_1",
        "FRTP_CD": "2",
        "FRTP_NM": "활엽수림",
        "KOFTR_GROU": "34",
        "KOFTR_NM": "기타참나무류",
        "updatedYear": ""
      },
      "geometry": {
        "type": "Polygon",
        "coordinates": [
          [
            [
              129.47192471427505,
              36.734092634837104
            ],
            [
              129.47226528342938,
              36.73409030182436
            ],
            [
              129.47257192866454,
              36.73439577928992
            ],
            [
              129.4730699906827,
              36.73437558384981
            ],
            [
              129.47320315201543,
              36.73385409934595
            ],
            [
              129.47352332853364,
              36.73373649819301
            ],
            [
              129.47353703457057,
              36.733572302693005
            ],
            [
              129.47283823938517,
              36.73352862658994
            ],
            [
              129.47270791924777,
              36.733339138639636
            ],
            [
              129.47251169154296,
              36.733831692774
            ],
            [
              129.47207796744414,
              36.73386777789752
            ],
            [
              129.47192471427505,
              36.734092634837104
            ]
          ]
        ]
      }
    },
    {
      "type": "Feature",
      "properties": {
        "sourceRecordId": "47_1:000006",
        "sourceShard": "47_1",
        "FRTP_CD": "1",
        "FRTP_NM": "침엽수림",
        "KOFTR_GROU": "11",
        "KOFTR_NM": "소나무",
        "updatedYear": "2025"
      },
      "geometry": {
        "type": "Polygon",
        "coordinates": [
          [
            [
              129.40262879272757,
              36.790095150852544
            ],
            [
              129.40304805597634,
              36.790366819019845
            ],
            [
              129.4039816665321,
              36.79042612584896
            ],
            [
              129.4040467630092,
              36.78948017378057
            ],
            [
              129.4033580662728,
              36.78938881566672
            ],
            [
              129.40299131878965,
              36.789564035388594
            ],
            [
              129.40295635150358,
              36.78981073015751
            ],
            [
              129.4026810645695,
              36.789896097752425
            ],
            [
              129.40262879272757,
              36.790095150852544
            ]
          ]
        ]
      }
    },
    {
      "type": "Feature",
      "properties": {
        "sourceRecordId": "47_1:000007",
        "sourceShard": "47_1",
        "FRTP_CD": "1",
        "FRTP_NM": "침엽수림",
        "KOFTR_GROU": "11",
        "KOFTR_NM": "소나무",
        "updatedYear": "2019"
      },
      "geometry": {
        "type": "Polygon",
        "coordinates": [
          [
            [
              129.40520939516273,
              36.7934047672635
            ],
            [
              129.40535249529634,
              36.79362116446839
            ],
            [
              129.4063593807896,
              36.79397501118631
            ],
            [
              129.40822967875704,
              36.79407538542126
            ],
            [
              129.4079577143038,
              36.79364168005708
            ],
            [
              129.40778347314958,
              36.79377706092721
            ],
            [
              129.40718488138808,
              36.79351459236173
            ],
            [
              129.40716019860437,
              36.793332031395465
            ],
            [
              129.4076167146458,
              36.79303793488192
            ],
            [
              129.40727936859292,
              36.79265360707123
            ],
            [
              129.4066069862791,
              36.79276026898997
            ],
            [
              129.40637964786748,
              36.79262754800923
            ],
            [
              129.40578564595864,
              36.79278290492147
            ],
            [
              129.40527381025038,
              36.793000635846724
            ],
            [
              129.40520939516273,
              36.7934047672635
            ]
          ]
        ]
      }
    },
    {
      "type": "Feature",
      "properties": {
        "sourceRecordId": "47_1:000008",
        "sourceShard": "47_1",
        "FRTP_CD": "1",
        "FRTP_NM": "침엽수림",
        "KOFTR_GROU": "12",
        "KOFTR_NM": "잣나무",
        "updatedYear": "2021"
      },
      "geometry": {
        "type": "Polygon",
        "coordinates": [
          [
            [
              129.417006489065,
              36.805206824943745
            ],
            [
              129.41709229623788,
              36.80604141301767
            ],
            [
              129.41754844757517,
              36.806207537908605
            ],
            [
              129.41762074930773,
              36.80666448552905
            ],
            [
              129.41826634561397,
              36.806837696120105
            ],
            [
              129.41890039990446,
              36.806399561533674
            ],
            [
              129.41857281724594,
              36.80601412619778
            ],
            [
              129.41866505453604,
              36.80552035537948
            ],
            [
              129.41813202722741,
              36.80587233213465
            ],
            [
              129.41782451410532,
              36.80528411975205
            ],
            [
              129.41752385445992,
              36.805129558656354
            ],
            [
              129.417006489065,
              36.805206824943745
            ]
          ]
        ]
      }
    },
    {
      "type": "Feature",
      "properties": {
        "sourceRecordId": "47_1:000009",
        "sourceShard": "47_1",
        "FRTP_CD": "1",
        "FRTP_NM": "침엽수림",
        "KOFTR_GROU": "12",
        "KOFTR_NM": "잣나무",
        "updatedYear": "2024"
      },
      "geometry": {
        "type": "Polygon",
        "coordinates": [
          [
            [
              129.41632093052635,
              36.81213577972338
            ],
            [
              129.416528190362,
              36.81227930450932
            ],
            [
              129.4169393156788,
              36.81212914013412
            ],
            [
              129.4168889734176,
              36.81181539472401
            ],
            [
              129.41632093052635,
              36.81213577972338
            ]
          ]
        ]
      }
    },
    {
      "type": "Feature",
      "properties": {
        "sourceRecordId": "47_1:000010",
        "sourceShard": "47_1",
        "FRTP_CD": "1",
        "FRTP_NM": "침엽수림",
        "KOFTR_GROU": "12",
        "KOFTR_NM": "잣나무",
        "updatedYear": "2019"
      },
      "geometry": {
        "type": "Polygon",
        "coordinates": [
          [
            [
              129.4108918842417,
              36.817965101677885
            ],
            [
              129.4118131781385,
              36.81831831198152
            ],
            [
              129.41253898864161,
              36.81816136316878
            ],
            [
              129.41226653176813,
              36.817518764248305
            ],
            [
              129.41148516971364,
              36.81727124223019
            ],
            [
              129.41142847041075,
              36.81762582158734
            ],
            [
              129.4108918842417,
              36.817965101677885
            ]
          ]
        ]
      }
    },
    {
      "type": "Feature",
      "properties": {
        "sourceRecordId": "47_1:000011",
        "sourceShard": "47_1",
        "FRTP_CD": "1",
        "FRTP_NM": "침엽수림",
        "KOFTR_GROU": "12",
        "KOFTR_NM": "잣나무",
        "updatedYear": "2024"
      },
      "geometry": {
        "type": "Polygon",
        "coordinates": [
          [
            [
              129.41620620479782,
              36.7962681556497
            ],
            [
              129.4167737262953,
              36.79610849111813
            ],
            [
              129.4167936574666,
              36.795950040428636
            ],
            [
              129.41636173107312,
              36.79583440844382
            ],
            [
              129.4165394168178,
              36.79605092821127
            ],
            [
              129.41620620479782,
              36.7962681556497
            ]
          ]
        ]
      }
    },
    {
      "type": "Feature",
      "properties": {
        "sourceRecordId": "47_1:000012",
        "sourceShard": "47_1",
        "FRTP_CD": "1",
        "FRTP_NM": "침엽수림",
        "KOFTR_GROU": "13",
        "KOFTR_NM": "낙엽송",
        "updatedYear": "2024"
      },
      "geometry": {
        "type": "Polygon",
        "coordinates": [
          [
            [
              129.40115469552333,
              36.77383806905098
            ],
            [
              129.40204942741815,
              36.77382544517709
            ],
            [
              129.40168368773436,
              36.7733760944627
            ],
            [
              129.40115469552333,
              36.77383806905098
            ]
          ]
        ]
      }
    },
    {
      "type": "Feature",
      "properties": {
        "sourceRecordId": "47_1:000013",
        "sourceShard": "47_1",
        "FRTP_CD": "1",
        "FRTP_NM": "침엽수림",
        "KOFTR_GROU": "13",
        "KOFTR_NM": "낙엽송",
        "updatedYear": "2024"
      },
      "geometry": {
        "type": "Polygon",
        "coordinates": [
          [
            [
              129.4165795641629,
              36.774684901149605
            ],
            [
              129.41674913977042,
              36.774735509029405
            ],
            [
              129.417710587699,
              36.7741126863231
            ],
            [
              129.4178657632526,
              36.773723387682494
            ],
            [
              129.4168730662826,
              36.7740557892892
            ],
            [
              129.4165795641629,
              36.774684901149605
            ]
          ]
        ]
      }
    },
    {
      "type": "Feature",
      "properties": {
        "sourceRecordId": "47_1:000014",
        "sourceShard": "47_1",
        "FRTP_CD": "1",
        "FRTP_NM": "침엽수림",
        "KOFTR_GROU": "13",
        "KOFTR_NM": "낙엽송",
        "updatedYear": "2021"
      },
      "geometry": {
        "type": "Polygon",
        "coordinates": [
          [
            [
              129.40483212414765,
              36.77602035378591
            ],
            [
              129.40508062807612,
              36.776065022670316
            ],
            [
              129.40556347148663,
              36.775700200523595
            ],
            [
              129.40576083627295,
              36.774808197507795
            ],
            [
              129.40524457820703,
              36.77549210547835
            ],
            [
              129.40523848425386,
              36.77574899696975
            ],
            [
              129.40483212414765,
              36.77602035378591
            ]
          ]
        ]
      }
    },
    {
      "type": "Feature",
      "properties": {
        "sourceRecordId": "47_1:000015",
        "sourceShard": "47_1",
        "FRTP_CD": "1",
        "FRTP_NM": "침엽수림",
        "KOFTR_GROU": "13",
        "KOFTR_NM": "낙엽송",
        "updatedYear": "2024"
      },
      "geometry": {
        "type": "Polygon",
        "coordinates": [
          [
            [
              129.40163674879568,
              36.80019360553539
            ],
            [
              129.40205225496146,
              36.80046089358009
            ],
            [
              129.40255574633616,
              36.80034472110384
            ],
            [
              129.40205730676337,
              36.80097999789428
            ],
            [
              129.40217388625794,
              36.801207602822785
            ],
            [
              129.40256045475843,
              36.801138706371404
            ],
            [
              129.4029486381578,
              36.800250870734125
            ],
            [
              129.4026148112847,
              36.800090210561166
            ],
            [
              129.40221402153495,
              36.80020430931985
            ],
            [
              129.40180995573488,
              36.80007054510244
            ],
            [
              129.40163674879568,
              36.80019360553539
            ]
          ]
        ]
      }
    },
    {
      "type": "Feature",
      "properties": {
        "sourceRecordId": "47_1:000016",
        "sourceShard": "47_1",
        "FRTP_CD": "1",
        "FRTP_NM": "침엽수림",
        "KOFTR_GROU": "13",
        "KOFTR_NM": "낙엽송",
        "updatedYear": "2024"
      },
      "geometry": {
        "type": "Polygon",
        "coordinates": [
          [
            [
              129.40258737329003,
              36.80157113380713
            ],
            [
              129.4028322656836,
              36.80204406946368
            ],
            [
              129.40339955741,
              36.80189606197907
            ],
            [
              129.40331765793587,
              36.80149169555371
            ],
            [
              129.40272661496954,
              36.801451542196716
            ],
            [
              129.40258737329003,
              36.80157113380713
            ]
          ]
        ]
      }
    },
    {
      "type": "Feature",
      "properties": {
        "sourceRecordId": "47_1:000017",
        "sourceShard": "47_1",
        "FRTP_CD": "1",
        "FRTP_NM": "침엽수림",
        "KOFTR_GROU": "13",
        "KOFTR_NM": "낙엽송",
        "updatedYear": "2024"
      },
      "geometry": {
        "type": "Polygon",
        "coordinates": [
          [
            [
              129.40383927052528,
              36.802244446227974
            ],
            [
              129.40591970977496,
              36.80191035708206
            ],
            [
              129.40560479248538,
              36.80181482640665
            ],
            [
              129.40436814959304,
              36.801986825435435
            ],
            [
              129.40383927052528,
              36.802244446227974
            ]
          ]
        ]
      }
    },
    {
      "type": "Feature",
      "properties": {
        "sourceRecordId": "47_1:000018",
        "sourceShard": "47_1",
        "FRTP_CD": "1",
        "FRTP_NM": "침엽수림",
        "KOFTR_GROU": "13",
        "KOFTR_NM": "낙엽송",
        "updatedYear": "2024"
      },
      "geometry": {
        "type": "Polygon",
        "coordinates": [
          [
            [
              129.40319091286906,
              36.802841192463546
            ],
            [
              129.4038381524664,
              36.802935908694096
            ],
            [
              129.40404448023043,
              36.80275152525464
            ],
            [
              129.40338674973503,
              36.802705292147756
            ],
            [
              129.40319091286906,
              36.802841192463546
            ]
          ]
        ]
      }
    },
    {
      "type": "Feature",
      "properties": {
        "sourceRecordId": "47_1:000019",
        "sourceShard": "47_1",
        "FRTP_CD": "1",
        "FRTP_NM": "침엽수림",
        "KOFTR_GROU": "13",
        "KOFTR_NM": "낙엽송",
        "updatedYear": "2024"
      },
      "geometry": {
        "type": "Polygon",
        "coordinates": [
          [
            [
              129.39795600335725,
              36.81118253003835
            ],
            [
              129.39805012896022,
              36.8113479843972
            ],
            [
              129.39838620646918,
              36.81142343500899
            ],
            [
              129.39837558785356,
              36.81091078153598
            ],
            [
              129.39807099685947,
              36.81085417160916
            ],
            [
              129.39795600335725,
              36.81118253003835
            ]
          ]
        ]
      }
    },
    {
      "type": "Feature",
      "properties": {
        "sourceRecordId": "47_1:000020",
        "sourceShard": "47_1",
        "FRTP_CD": "1",
        "FRTP_NM": "침엽수림",
        "KOFTR_GROU": "13",
        "KOFTR_NM": "낙엽송",
        "updatedYear": "2021"
      },
      "geometry": {
        "type": "Polygon",
        "coordinates": [
          [
            [
              129.3959560970764,
              36.81701323917656
            ],
            [
              129.39627270177556,
              36.817107730234945
            ],
            [
              129.39646625747505,
              36.816995293961206
            ],
            [
              129.396091531908,
              36.816848341977476
            ],
            [
              129.3959560970764,
              36.81701323917656
            ]
          ]
        ]
      }
    },
    {
      "type": "Feature",
      "properties": {
        "sourceRecordId": "47_1:000021",
        "sourceShard": "47_1",
        "FRTP_CD": "1",
        "FRTP_NM": "침엽수림",
        "KOFTR_GROU": "13",
        "KOFTR_NM": "낙엽송",
        "updatedYear": "2024"
      },
      "geometry": {
        "type": "Polygon",
        "coordinates": [
          [
            [
              129.41449474243663,
              36.790318818603424
            ],
            [
              129.4148626606761,
              36.790379956802155
            ],
            [
              129.41487561524843,
              36.7900154183537
            ],
            [
              129.41462123426282,
              36.790052865757396
            ],
            [
              129.41449474243663,
              36.790318818603424
            ]
          ]
        ]
      }
    },
    {
      "type": "Feature",
      "properties": {
        "sourceRecordId": "47_1:000022",
        "sourceShard": "47_1",
        "FRTP_CD": "1",
        "FRTP_NM": "침엽수림",
        "KOFTR_GROU": "13",
        "KOFTR_NM": "낙엽송",
        "updatedYear": "2024"
      },
      "geometry": {
        "type": "Polygon",
        "coordinates": [
          [
            [
              129.39955136897595,
              36.81008231463078
            ],
            [
              129.40009004834323,
              36.81003367349879
            ],
            [
              129.39994594448146,
              36.80951695876908
            ],
            [
              129.3996403646823,
              36.80957092044976
            ],
            [
              129.39955136897595,
              36.81008231463078
            ]
          ]
        ]
      }
    },
    {
      "type": "Feature",
      "properties": {
        "sourceRecordId": "47_1:000023",
        "sourceShard": "47_1",
        "FRTP_CD": "2",
        "FRTP_NM": "활엽수림",
        "KOFTR_GROU": "37",
        "KOFTR_NM": "자작나무",
        "updatedYear": "2019"
      },
      "geometry": {
        "type": "Polygon",
        "coordinates": [
          [
            [
              129.40692402302724,
              36.78605934190117
            ],
            [
              129.4072447228388,
              36.78645076067843
            ],
            [
              129.40756329956878,
              36.78628855444466
            ],
            [
              129.40751141383055,
              36.786163861757544
            ],
            [
              129.40692402302724,
              36.78605934190117
            ]
          ]
        ]
      }
    },
    {
      "type": "Feature",
      "properties": {
        "sourceRecordId": "47_1:000024",
        "sourceShard": "47_1",
        "FRTP_CD": "2",
        "FRTP_NM": "활엽수림",
        "KOFTR_GROU": "39",
        "KOFTR_NM": "밤나무",
        "updatedYear": "2024"
      },
      "geometry": {
        "type": "Polygon",
        "coordinates": [
          [
            [
              129.40742903676298,
              36.792756757581465
            ],
            [
              129.4076167146458,
              36.79303793488192
            ],
            [
              129.40786818132983,
              36.792999243960395
            ],
            [
              129.4095597851842,
              36.79209046200846
            ],
            [
              129.40992604692192,
              36.791572872538744
            ],
            [
              129.409744849565,
              36.79148766333249
            ],
            [
              129.409812653944,
              36.79107905148867
            ],
            [
              129.40944148695527,
              36.790971088664044
            ],
            [
              129.40923860218706,
              36.79132976068665
            ],
            [
              129.40895714978132,
              36.79135167354421
            ],
            [
              129.40843204087847,
              36.791797915862205
            ],
            [
              129.40833725153385,
              36.792310405046805
            ],
            [
              129.4077432784797,
              36.7924885731101
            ],
            [
              129.40742903676298,
              36.792756757581465
            ]
          ]
        ]
      }
    },
    {
      "type": "Feature",
      "properties": {
        "sourceRecordId": "47_1:000025",
        "sourceShard": "47_1",
        "FRTP_CD": "2",
        "FRTP_NM": "활엽수림",
        "KOFTR_GROU": "49",
        "KOFTR_NM": "아까시나무",
        "updatedYear": ""
      },
      "geometry": {
        "type": "Polygon",
        "coordinates": [
          [
            [
              129.40574207162456,
              36.77233391117874
            ],
            [
              129.4065352167457,
              36.7731260277603
            ],
            [
              129.40636255682875,
              36.77328970369759
            ],
            [
              129.40583232077367,
              36.773021613979004
            ],
            [
              129.40595298320358,
              36.77316770739685
            ],
            [
              129.40583402060358,
              36.773444183030385
            ],
            [
              129.40650047093973,
              36.77357006223682
            ],
            [
              129.407014041394,
              36.77337176629397
            ],
            [
              129.40762676265683,
              36.77371398819514
            ],
            [
              129.408237460018,
              36.773780047004095
            ],
            [
              129.4078073439112,
              36.77346491532274
            ],
            [
              129.40733876516217,
              36.77335289275164
            ],
            [
              129.40681103369252,
              36.772622738538935
            ],
            [
              129.4068602077507,
              36.77240905930375
            ],
            [
              129.40658374169408,
              36.77220077946989
            ],
            [
              129.40605663527907,
              36.77196486588281
            ],
            [
              129.40574207162456,
              36.77233391117874
            ]
          ]
        ]
      }
    },
    {
      "type": "Feature",
      "properties": {
        "sourceRecordId": "47_1:000026",
        "sourceShard": "47_1",
        "FRTP_CD": "2",
        "FRTP_NM": "활엽수림",
        "KOFTR_GROU": "49",
        "KOFTR_NM": "아까시나무",
        "updatedYear": ""
      },
      "geometry": {
        "type": "Polygon",
        "coordinates": [
          [
            [
              129.40770845027015,
              36.777803565698406
            ],
            [
              129.4083739492551,
              36.77854844640294
            ],
            [
              129.40862418756086,
              36.778151609292316
            ],
            [
              129.40868596645169,
              36.77751941362391
            ],
            [
              129.408318810087,
              36.7774021377645
            ],
            [
              129.40784410390097,
              36.77759344450385
            ],
            [
              129.40770845027015,
              36.777803565698406
            ]
          ]
        ]
      }
    },
    {
      "type": "Feature",
      "properties": {
        "sourceRecordId": "47_1:000027",
        "sourceShard": "47_1",
        "FRTP_CD": "2",
        "FRTP_NM": "활엽수림",
        "KOFTR_GROU": "49",
        "KOFTR_NM": "아까시나무",
        "updatedYear": ""
      },
      "geometry": {
        "type": "Polygon",
        "coordinates": [
          [
            [
              129.41584842354456,
              36.77839084843767
            ],
            [
              129.41641498142047,
              36.77860567546662
            ],
            [
              129.41666300029914,
              36.779036811917244
            ],
            [
              129.4165656962311,
              36.77929813789862
            ],
            [
              129.41705387336083,
              36.77963008312413
            ],
            [
              129.416926773096,
              36.779841098728134
            ],
            [
              129.41779122376994,
              36.779732815629444
            ],
            [
              129.41775898095455,
              36.779459488325614
            ],
            [
              129.41825033317238,
              36.77919099273494
            ],
            [
              129.41808821813552,
              36.778770122097576
            ],
            [
              129.4172999676218,
              36.77869378367383
            ],
            [
              129.4172844945341,
              36.778201335947266
            ],
            [
              129.41697677309705,
              36.77792230853773
            ],
            [
              129.4164720865285,
              36.77790427549364
            ],
            [
              129.41584842354456,
              36.77839084843767
            ]
          ]
        ]
      }
    },
    {
      "type": "Feature",
      "properties": {
        "sourceRecordId": "47_1:000028",
        "sourceShard": "47_1",
        "FRTP_CD": "2",
        "FRTP_NM": "활엽수림",
        "KOFTR_GROU": "49",
        "KOFTR_NM": "아까시나무",
        "updatedYear": "2019"
      },
      "geometry": {
        "type": "Polygon",
        "coordinates": [
          [
            [
              129.40811083739658,
              36.78508216488555
            ],
            [
              129.40884946568792,
              36.78534821003997
            ],
            [
              129.4089007949164,
              36.785486992593626
            ],
            [
              129.40863584249226,
              36.78565296998749
            ],
            [
              129.40906405466376,
              36.78589937769182
            ],
            [
              129.40917274881988,
              36.78636955056298
            ],
            [
              129.4096854756932,
              36.78674155344719
            ],
            [
              129.40997530944574,
              36.786634904472045
            ],
            [
              129.40996047828006,
              36.78616156906003
            ],
            [
              129.4108521086512,
              36.78646798146771
            ],
            [
              129.41082035541683,
              36.78713373089283
            ],
            [
              129.4106186818672,
              36.78747091516725
            ],
            [
              129.4109373601295,
              36.787402649584266
            ],
            [
              129.41132833581403,
              36.78756868148627
            ],
            [
              129.41201900189702,
              36.78724576729086
            ],
            [
              129.41225558712563,
              36.78661706836184
            ],
            [
              129.412158038963,
              36.78640214427329
            ],
            [
              129.4126114768344,
              36.786056041012735
            ],
            [
              129.41256032950275,
              36.785842554824654
            ],
            [
              129.41207153283713,
              36.78578195676902
            ],
            [
              129.4119330748484,
              36.786079506418915
            ],
            [
              129.4116846297951,
              36.78616493443825
            ],
            [
              129.41159800655885,
              36.785945515025375
            ],
            [
              129.4112502289326,
              36.78590391072059
            ],
            [
              129.41125591948284,
              36.78563391976638
            ],
            [
              129.41101448825916,
              36.785629780905076
            ],
            [
              129.41096570337703,
              36.78590580661845
            ],
            [
              129.4106042620972,
              36.78586525102719
            ],
            [
              129.41021842459767,
              36.78609094599902
            ],
            [
              129.4095440468156,
              36.7854677594232
            ],
            [
              129.40915372803926,
              36.78469515802188
            ],
            [
              129.40882303804057,
              36.78478086846298
            ],
            [
              129.4086683216374,
              36.78459281555884
            ],
            [
              129.40842083099346,
              36.78461332275596
            ],
            [
              129.40811083739658,
              36.78508216488555
            ]
          ]
        ]
      }
    },
    {
      "type": "Feature",
      "properties": {
        "sourceRecordId": "47_1:000029",
        "sourceShard": "47_1",
        "FRTP_CD": "2",
        "FRTP_NM": "활엽수림",
        "KOFTR_GROU": "49",
        "KOFTR_NM": "아까시나무",
        "updatedYear": "2020"
      },
      "geometry": {
        "type": "Polygon",
        "coordinates": [
          [
            [
              129.40868643855657,
              36.79397494194729
            ],
            [
              129.40915613962028,
              36.794361107156156
            ],
            [
              129.40949556502665,
              36.79438826495233
            ],
            [
              129.4097119497588,
              36.79420305691809
            ],
            [
              129.41024656415772,
              36.79412839782306
            ],
            [
              129.41053774837007,
              36.79432947884998
            ],
            [
              129.4107922542562,
              36.793953634941865
            ],
            [
              129.41160669067497,
              36.7934092990603
            ],
            [
              129.41113627329545,
              36.79314667534951
            ],
            [
              129.4104193403207,
              36.79373346428529
            ],
            [
              129.4101946514915,
              36.79323171655548
            ],
            [
              129.4098022763487,
              36.79311841375228
            ],
            [
              129.40937475775314,
              36.79331853974781
            ],
            [
              129.40868643855657,
              36.79397494194729
            ]
          ]
        ]
      }
    },
    {
      "type": "Feature",
      "properties": {
        "sourceRecordId": "47_1:000030",
        "sourceShard": "47_1",
        "FRTP_CD": "2",
        "FRTP_NM": "활엽수림",
        "KOFTR_GROU": "49",
        "KOFTR_NM": "아까시나무",
        "updatedYear": ""
      },
      "geometry": {
        "type": "Polygon",
        "coordinates": [
          [
            [
              129.40289524896693,
              36.79566804626895
            ],
            [
              129.40332722981836,
              36.79572918791319
            ],
            [
              129.4032485578756,
              36.79550543416522
            ],
            [
              129.40357013430835,
              36.79543953817407
            ],
            [
              129.40371675074263,
              36.795057505438514
            ],
            [
              129.40373668573554,
              36.79486145473273
            ],
            [
              129.4033328701199,
              36.79445037561066
            ],
            [
              129.4040209815327,
              36.79450633556092
            ],
            [
              129.40301237440363,
              36.793966694062
            ],
            [
              129.40290159399217,
              36.79499052763607
            ],
            [
              129.4031597304899,
              36.79523472034838
            ],
            [
              129.40289524896693,
              36.79566804626895
            ]
          ]
        ]
      }
    },
    {
      "type": "Feature",
      "properties": {
        "sourceRecordId": "47_1:000031",
        "sourceShard": "47_1",
        "FRTP_CD": "2",
        "FRTP_NM": "활엽수림",
        "KOFTR_GROU": "49",
        "KOFTR_NM": "아까시나무",
        "updatedYear": ""
      },
      "geometry": {
        "type": "Polygon",
        "coordinates": [
          [
            [
              129.40972034040138,
              36.795604757510844
            ],
            [
              129.40992835580104,
              36.79647467010614
            ],
            [
              129.41021278447496,
              36.79629006981688
            ],
            [
              129.4107796787892,
              36.796211713262196
            ],
            [
              129.41125813423466,
              36.79588391993235
            ],
            [
              129.4116761471188,
              36.79595850790971
            ],
            [
              129.41239948675863,
              36.79580808330687
            ],
            [
              129.41110641508428,
              36.79554459285518
            ],
            [
              129.41086649813698,
              36.79536508749257
            ],
            [
              129.40972034040138,
              36.795604757510844
            ]
          ]
        ]
      }
    },
    {
      "type": "Feature",
      "properties": {
        "sourceRecordId": "47_1:000032",
        "sourceShard": "47_1",
        "FRTP_CD": "2",
        "FRTP_NM": "활엽수림",
        "KOFTR_GROU": "49",
        "KOFTR_NM": "아까시나무",
        "updatedYear": ""
      },
      "geometry": {
        "type": "Polygon",
        "coordinates": [
          [
            [
              129.41084432742474,
              36.7973402466424
            ],
            [
              129.41118701525082,
              36.797491174523756
            ],
            [
              129.4114224951458,
              36.79723459102421
            ],
            [
              129.41145775382805,
              36.79677423186968
            ],
            [
              129.41117744056,
              36.7963142749504
            ],
            [
              129.41100715454075,
              36.796351704262804
            ],
            [
              129.41086203706155,
              36.796716368077796
            ],
            [
              129.4111723585549,
              36.79702383120089
            ],
            [
              129.41084432742474,
              36.7973402466424
            ]
          ]
        ]
      }
    },
    {
      "type": "Feature",
      "properties": {
        "sourceRecordId": "47_1:000033",
        "sourceShard": "47_1",
        "FRTP_CD": "2",
        "FRTP_NM": "활엽수림",
        "KOFTR_GROU": "49",
        "KOFTR_NM": "아까시나무",
        "updatedYear": ""
      },
      "geometry": {
        "type": "Polygon",
        "coordinates": [
          [
            [
              129.40541481138536,
              36.79828709312246
            ],
            [
              129.40581528595126,
              36.79870176032005
            ],
            [
              129.40593419062944,
              36.799124301183646
            ],
            [
              129.40707748415375,
              36.7993569041713
            ],
            [
              129.4069795434173,
              36.79832515555833
            ],
            [
              129.40676584155943,
              36.798163861039235
            ],
            [
              129.40646121296422,
              36.79830078121892
            ],
            [
              129.40614949493207,
              36.79821120602928
            ],
            [
              129.4062856736503,
              36.79771376357533
            ],
            [
              129.40583624123212,
              36.79789937904732
            ],
            [
              129.40582500473332,
              36.79823302841167
            ],
            [
              129.40541481138536,
              36.79828709312246
            ]
          ]
        ]
      }
    },
    {
      "type": "Feature",
      "properties": {
        "sourceRecordId": "47_1:000034",
        "sourceShard": "47_1",
        "FRTP_CD": "2",
        "FRTP_NM": "활엽수림",
        "KOFTR_GROU": "49",
        "KOFTR_NM": "아까시나무",
        "updatedYear": ""
      },
      "geometry": {
        "type": "Polygon",
        "coordinates": [
          [
            [
              129.399814236325,
              36.79942639483226
            ],
            [
              129.40030491004984,
              36.8003984717398
            ],
            [
              129.40061291826038,
              36.80034507381469
            ],
            [
              129.40049538242073,
              36.80005921592282
            ],
            [
              129.40064665621145,
              36.799825578113946
            ],
            [
              129.40130061743736,
              36.799806052833844
            ],
            [
              129.4012808295935,
              36.799613626626325
            ],
            [
              129.4008152096161,
              36.79938021765068
            ],
            [
              129.40077711074105,
              36.799129757967535
            ],
            [
              129.3999517448193,
              36.79918859735535
            ],
            [
              129.399814236325,
              36.79942639483226
            ]
          ]
        ]
      }
    },
    {
      "type": "Feature",
      "properties": {
        "sourceRecordId": "47_1:000035",
        "sourceShard": "47_1",
        "FRTP_CD": "2",
        "FRTP_NM": "활엽수림",
        "KOFTR_GROU": "49",
        "KOFTR_NM": "아까시나무",
        "updatedYear": ""
      },
      "geometry": {
        "type": "Polygon",
        "coordinates": [
          [
            [
              129.405836150014,
              36.80006117352949
            ],
            [
              129.40599223383694,
              36.80019966488323
            ],
            [
              129.40639094464848,
              36.80021120801619
            ],
            [
              129.40660093837533,
              36.800427057043976
            ],
            [
              129.40702195678423,
              36.79967977466734
            ],
            [
              129.40663984160764,
              36.79967879517544
            ],
            [
              129.405836150014,
              36.80006117352949
            ]
          ]
        ]
      }
    },
    {
      "type": "Feature",
      "properties": {
        "sourceRecordId": "47_1:000036",
        "sourceShard": "47_1",
        "FRTP_CD": "2",
        "FRTP_NM": "활엽수림",
        "KOFTR_GROU": "49",
        "KOFTR_NM": "아까시나무",
        "updatedYear": ""
      },
      "geometry": {
        "type": "Polygon",
        "coordinates": [
          [
            [
              129.40831761393122,
              36.80304019819907
            ],
            [
              129.40838137356874,
              36.80317055089861
            ],
            [
              129.40881302220038,
              36.802928373254694
            ],
            [
              129.4102607572562,
              36.80362247307347
            ],
            [
              129.4101803109425,
              36.80308076915319
            ],
            [
              129.4106339637081,
              36.80329184296996
            ],
            [
              129.41110678499004,
              36.8029017586128
            ],
            [
              129.41074164796476,
              36.80267960807674
            ],
            [
              129.41008158201106,
              36.8026831237407
            ],
            [
              129.40982992801722,
              36.802406007342896
            ],
            [
              129.4091394037606,
              36.80222067442749
            ],
            [
              129.40895262664108,
              36.80196554237933
            ],
            [
              129.4083615385645,
              36.80238847379272
            ],
            [
              129.4085265478268,
              36.80268620967986
            ],
            [
              129.40831761393122,
              36.80304019819907
            ]
          ]
        ]
      }
    },
    {
      "type": "Feature",
      "properties": {
        "sourceRecordId": "47_1:000037",
        "sourceShard": "47_1",
        "FRTP_CD": "2",
        "FRTP_NM": "활엽수림",
        "KOFTR_GROU": "49",
        "KOFTR_NM": "아까시나무",
        "updatedYear": "2022"
      },
      "geometry": {
        "type": "Polygon",
        "coordinates": [
          [
            [
              129.40325772778917,
              36.81597834694281
            ],
            [
              129.40471259133048,
              36.81678620456102
            ],
            [
              129.40455114443313,
              36.815711242218086
            ],
            [
              129.4042622867327,
              36.81571266107657
            ],
            [
              129.40375357610517,
              36.81598620553996
            ],
            [
              129.40325772778917,
              36.81597834694281
            ]
          ]
        ]
      }
    },
    {
      "type": "Feature",
      "properties": {
        "sourceRecordId": "47_1:000038",
        "sourceShard": "47_1",
        "FRTP_CD": "2",
        "FRTP_NM": "활엽수림",
        "KOFTR_GROU": "49",
        "KOFTR_NM": "아까시나무",
        "updatedYear": "2019"
      },
      "geometry": {
        "type": "Polygon",
        "coordinates": [
          [
            [
              129.4027647238845,
              36.817435515820094
            ],
            [
              129.4034883739169,
              36.81696329964636
            ],
            [
              129.40473085215396,
              36.81768793964732
            ],
            [
              129.40511007535477,
              36.817581585248135
            ],
            [
              129.4031228768303,
              36.816664733999446
            ],
            [
              129.40305721468167,
              36.81710559702616
            ],
            [
              129.4027647238845,
              36.817435515820094
            ]
          ]
        ]
      }
    },
    {
      "type": "Feature",
      "properties": {
        "sourceRecordId": "47_1:000039",
        "sourceShard": "47_1",
        "FRTP_CD": "2",
        "FRTP_NM": "활엽수림",
        "KOFTR_GROU": "49",
        "KOFTR_NM": "아까시나무",
        "updatedYear": "2021"
      },
      "geometry": {
        "type": "Polygon",
        "coordinates": [
          [
            [
              129.39967126655785,
              36.7747828400274
            ],
            [
              129.39981417410885,
              36.77505056937055
            ],
            [
              129.40014693432886,
              36.77490532971444
            ],
            [
              129.39996592702897,
              36.774283773654076
            ],
            [
              129.3997062388852,
              36.774346146683484
            ],
            [
              129.39967126655785,
              36.7747828400274
            ]
          ]
        ]
      }
    },
    {
      "type": "Feature",
      "properties": {
        "sourceRecordId": "47_1:000040",
        "sourceShard": "47_1",
        "FRTP_CD": "2",
        "FRTP_NM": "활엽수림",
        "KOFTR_GROU": "49",
        "KOFTR_NM": "아까시나무",
        "updatedYear": ""
      },
      "geometry": {
        "type": "Polygon",
        "coordinates": [
          [
            [
              129.40503933328537,
              36.80101000783868
            ],
            [
              129.4058792089295,
              36.80135040453675
            ],
            [
              129.4070332891061,
              36.80111626507572
            ],
            [
              129.407259551805,
              36.80069048190678
            ],
            [
              129.40769833839664,
              36.80068377382253
            ],
            [
              129.40782382091592,
              36.79993157893734
            ],
            [
              129.4075869308789,
              36.79981417436505
            ],
            [
              129.4074291393699,
              36.79997388366725
            ],
            [
              129.4072498427507,
              36.79992900389504
            ],
            [
              129.4068551235441,
              36.8002366754403
            ],
            [
              129.40669312192952,
              36.800601706938075
            ],
            [
              129.40543615272782,
              36.80070124408928
            ],
            [
              129.40503933328537,
              36.80101000783868
            ]
          ]
        ]
      }
    },
    {
      "type": "Feature",
      "properties": {
        "sourceRecordId": "47_1:000041",
        "sourceShard": "47_1",
        "FRTP_CD": "2",
        "FRTP_NM": "활엽수림",
        "KOFTR_GROU": "49",
        "KOFTR_NM": "아까시나무",
        "updatedYear": ""
      },
      "geometry": {
        "type": "Polygon",
        "coordinates": [
          [
            [
              129.395754994067,
              36.80160246639188
            ],
            [
              129.39600151359716,
              36.80225043038677
            ],
            [
              129.3963724620011,
              36.80235847682141
            ],
            [
              129.39633059001872,
              36.80218606273008
            ],
            [
              129.39676944058758,
              36.802018609707005
            ],
            [
              129.39636262399839,
              36.80140138981584
            ],
            [
              129.39694433250818,
              36.80106091265818
            ],
            [
              129.3962793837817,
              36.80066718863071
            ],
            [
              129.39593426057377,
              36.80070360566555
            ],
            [
              129.395754994067,
              36.80160246639188
            ]
          ]
        ]
      }
    },
    {
      "type": "Feature",
      "properties": {
        "sourceRecordId": "47_1:000042",
        "sourceShard": "47_1",
        "FRTP_CD": "2",
        "FRTP_NM": "활엽수림",
        "KOFTR_GROU": "49",
        "KOFTR_NM": "아까시나무",
        "updatedYear": ""
      },
      "geometry": {
        "type": "Polygon",
        "coordinates": [
          [
            [
              129.40431254660268,
              36.803938337259915
            ],
            [
              129.40443802836418,
              36.804397794307334
            ],
            [
              129.40520245707464,
              36.804144792185525
            ],
            [
              129.4060884691322,
              36.803187614549614
            ],
            [
              129.40620058285336,
              36.80252721817447
            ],
            [
              129.40723279224153,
              36.80269155387177
            ],
            [
              129.40721399770783,
              36.802524133040215
            ],
            [
              129.40661408229815,
              36.802318358802374
            ],
            [
              129.40672913543995,
              36.80196779686086
            ],
            [
              129.406051824209,
              36.80212506690145
            ],
            [
              129.40565204474157,
              36.80257754780486
            ],
            [
              129.40591508525932,
              36.80293594667538
            ],
            [
              129.40539378912908,
              36.80356931681819
            ],
            [
              129.40473211939252,
              36.803663390686644
            ],
            [
              129.40431254660268,
              36.803938337259915
            ]
          ]
        ]
      }
    },
    {
      "type": "Feature",
      "properties": {
        "sourceRecordId": "47_1:000043",
        "sourceShard": "47_1",
        "FRTP_CD": "2",
        "FRTP_NM": "활엽수림",
        "KOFTR_GROU": "49",
        "KOFTR_NM": "아까시나무",
        "updatedYear": ""
      },
      "geometry": {
        "type": "Polygon",
        "coordinates": [
          [
            [
              129.414387992156,
              36.80501660350317
            ],
            [
              129.4146967040161,
              36.805346219895895
            ],
            [
              129.4153841732818,
              36.805544179599146
            ],
            [
              129.41556851673244,
              36.80547645619996
            ],
            [
              129.41549249281232,
              36.80471698452261
            ],
            [
              129.4148417237545,
              36.80455491553679
            ],
            [
              129.4147602682064,
              36.80483710061306
            ],
            [
              129.414387992156,
              36.80501660350317
            ]
          ]
        ]
      }
    },
    {
      "type": "Feature",
      "properties": {
        "sourceRecordId": "47_1:000044",
        "sourceShard": "47_1",
        "FRTP_CD": "2",
        "FRTP_NM": "활엽수림",
        "KOFTR_GROU": "49",
        "KOFTR_NM": "아까시나무",
        "updatedYear": ""
      },
      "geometry": {
        "type": "Polygon",
        "coordinates": [
          [
            [
              129.41561320062016,
              36.81132980498186
            ],
            [
              129.4160260802584,
              36.81157802965043
            ],
            [
              129.41680391667828,
              36.811382089013165
            ],
            [
              129.41743104778578,
              36.810726333469404
            ],
            [
              129.4179353956162,
              36.8105864208319
            ],
            [
              129.4179406404841,
              36.8103113635448
            ],
            [
              129.41755833558085,
              36.810088894478625
            ],
            [
              129.4174912969085,
              36.810432272306755
            ],
            [
              129.416942139109,
              36.81073851116867
            ],
            [
              129.41647944362435,
              36.81043496521366
            ],
            [
              129.4162242641302,
              36.81045356576095
            ],
            [
              129.41612307512116,
              36.81068363213961
            ],
            [
              129.4165857792525,
              36.81081058299047
            ],
            [
              129.4161905441076,
              36.8111494570406
            ],
            [
              129.41561320062016,
              36.81132980498186
            ]
          ]
        ]
      }
    },
    {
      "type": "Feature",
      "properties": {
        "sourceRecordId": "47_1:000045",
        "sourceShard": "47_1",
        "FRTP_CD": "2",
        "FRTP_NM": "활엽수림",
        "KOFTR_GROU": "49",
        "KOFTR_NM": "아까시나무",
        "updatedYear": "2019"
      },
      "geometry": {
        "type": "Polygon",
        "coordinates": [
          [
            [
              129.39587150234328,
              36.81072512915531
            ],
            [
              129.39653120905382,
              36.81162759285144
            ],
            [
              129.39659617109993,
              36.81256191637775
            ],
            [
              129.39642613856205,
              36.812799447321375
            ],
            [
              129.39702581204182,
              36.81275332594703
            ],
            [
              129.39718395320156,
              36.81257708696758
            ],
            [
              129.39749714866676,
              36.81266258549023
            ],
            [
              129.39754335045683,
              36.81219913810583
            ],
            [
              129.39692275655383,
              36.811703239749654
            ],
            [
              129.397053943161,
              36.81132193476586
            ],
            [
              129.39687554447775,
              36.81103799862859
            ],
            [
              129.39628008555488,
              36.81064040038743
            ],
            [
              129.39587150234328,
              36.81072512915531
            ]
          ]
        ]
      }
    },
    {
      "type": "Feature",
      "properties": {
        "sourceRecordId": "47_1:000046",
        "sourceShard": "47_1",
        "FRTP_CD": "2",
        "FRTP_NM": "활엽수림",
        "KOFTR_GROU": "49",
        "KOFTR_NM": "아까시나무",
        "updatedYear": ""
      },
      "geometry": {
        "type": "Polygon",
        "coordinates": [
          [
            [
              129.41567078766116,
              36.81266138624673
            ],
            [
              129.4157344855444,
              36.81311859045995
            ],
            [
              129.4161401153381,
              36.812798255587026
            ],
            [
              129.41567078766116,
              36.81266138624673
            ]
          ]
        ]
      }
    },
    {
      "type": "Feature",
      "properties": {
        "sourceRecordId": "47_1:000047",
        "sourceShard": "47_1",
        "FRTP_CD": "2",
        "FRTP_NM": "활엽수림",
        "KOFTR_GROU": "49",
        "KOFTR_NM": "아까시나무",
        "updatedYear": ""
      },
      "geometry": {
        "type": "Polygon",
        "coordinates": [
          [
            [
              129.40401980905173,
              36.81322105448206
            ],
            [
              129.4043258391694,
              36.813543663287184
            ],
            [
              129.40483123240477,
              36.81318733295487
            ],
            [
              129.4048320965497,
              36.8134728531355
            ],
            [
              129.40522839021736,
              36.813412917505026
            ],
            [
              129.4054002446426,
              36.81386710652525
            ],
            [
              129.40580321243038,
              36.81372672378555
            ],
            [
              129.40597418816697,
              36.81306858719602
            ],
            [
              129.40542804152903,
              36.81250609764879
            ],
            [
              129.40487032206067,
              36.81282582049237
            ],
            [
              129.40460313120076,
              36.812809271860125
            ],
            [
              129.40401980905173,
              36.81322105448206
            ]
          ]
        ]
      }
    },
    {
      "type": "Feature",
      "properties": {
        "sourceRecordId": "47_1:000048",
        "sourceShard": "47_1",
        "FRTP_CD": "2",
        "FRTP_NM": "활엽수림",
        "KOFTR_GROU": "49",
        "KOFTR_NM": "아까시나무",
        "updatedYear": ""
      },
      "geometry": {
        "type": "Polygon",
        "coordinates": [
          [
            [
              129.40220461821346,
              36.816382674090306
            ],
            [
              129.40245343699706,
              36.81719534189991
            ],
            [
              129.40279752184887,
              36.81662914369632
            ],
            [
              129.4026649823791,
              36.81625581543856
            ],
            [
              129.40220461821346,
              36.816382674090306
            ]
          ]
        ]
      }
    },
    {
      "type": "Feature",
      "properties": {
        "sourceRecordId": "47_2:000001",
        "sourceShard": "47_2",
        "FRTP_CD": "2",
        "FRTP_NM": "활엽수림",
        "KOFTR_GROU": "34",
        "KOFTR_NM": "기타참나무류",
        "updatedYear": "2025"
      },
      "geometry": {
        "type": "Polygon",
        "coordinates": [
          [
            [
              128.20242720321488,
              36.51988969082189
            ],
            [
              128.2032851763828,
              36.51995480031603
            ],
            [
              128.20359805288402,
              36.51975974020191
            ],
            [
              128.20384075607998,
              36.51990007662093
            ],
            [
              128.20372895053478,
              36.52044292746034
            ],
            [
              128.20408077171976,
              36.52057661555481
            ],
            [
              128.20403164811395,
              36.52095616296289
            ],
            [
              128.20307098703557,
              36.52114604470545
            ],
            [
              128.20357234634372,
              36.521267731872314
            ],
            [
              128.2040646269772,
              36.52182383632715
            ],
            [
              128.20496839632682,
              36.52209859178747
            ],
            [
              128.20510069244952,
              36.5218096043795
            ],
            [
              128.20588000598713,
              36.52139736834571
            ],
            [
              128.20599669031975,
              36.521519502895245
            ],
            [
              128.2057237458711,
              36.52198731121998
            ],
            [
              128.20603416299886,
              36.522062104849134
            ],
            [
              128.2061952083406,
              36.52194988888097
            ],
            [
              128.2061594503501,
              36.52164683842668
            ],
            [
              128.20652215162596,
              36.52154499594038
            ],
            [
              128.2065060537044,
              36.52120327035192
            ],
            [
              128.20613898633528,
              36.52111786916697
            ],
            [
              128.2060234813395,
              36.52090053434086
            ],
            [
              128.2056869096114,
              36.5208960569916
            ],
            [
              128.20503794014252,
              36.521449121093084
            ],
            [
              128.20435756339864,
              36.521273334882146
            ],
            [
              128.20441868460472,
              36.52100074297841
            ],
            [
              128.20539110409885,
              36.52057331699203
            ],
            [
              128.2054135611263,
              36.520451585035005
            ],
            [
              128.2053409203052,
              36.520234528781735
            ],
            [
              128.20473648990586,
              36.520477331474005
            ],
            [
              128.20415034824322,
              36.52036761764197
            ],
            [
              128.2040261100366,
              36.520187488428874
            ],
            [
              128.20441906069965,
              36.52004831953624
            ],
            [
              128.2043991603796,
              36.51963868917643
            ],
            [
              128.20509523916326,
              36.51966313759428
            ],
            [
              128.20544115703296,
              36.519499656869094
            ],
            [
              128.20551449743368,
              36.51917257148013
            ],
            [
              128.20590655319967,
              36.519281240429635
            ],
            [
              128.2064374186966,
              36.5189407649623
            ],
            [
              128.20663409604768,
              36.51924855879825
            ],
            [
              128.20699927604693,
              36.519231774350686
            ],
            [
              128.2070686398054,
              36.51885480118113
            ],
            [
              128.20772734329682,
              36.518425798785344
            ],
            [
              128.20789037912368,
              36.51842479886339
            ],
            [
              128.207934585513,
              36.518796972366985
            ],
            [
              128.20824767476435,
              36.518851557272384
            ],
            [
              128.20863679533775,
              36.518566709238065
            ],
            [
              128.20861457625267,
              36.51813947903737
            ],
            [
              128.20808049292225,
              36.51805858894846
            ],
            [
              128.20748288597423,
              36.51819682484715
            ],
            [
              128.20603787964143,
              36.518690223149534
            ],
            [
              128.20514694045164,
              36.51929801822449
            ],
            [
              128.20330848898558,
              36.519572713466225
            ],
            [
              128.20242720321488,
              36.51988969082189
            ]
          ]
        ]
      }
    },
    {
      "type": "Feature",
      "properties": {
        "sourceRecordId": "47_2:000002",
        "sourceShard": "47_2",
        "FRTP_CD": "2",
        "FRTP_NM": "활엽수림",
        "KOFTR_GROU": "34",
        "KOFTR_NM": "기타참나무류",
        "updatedYear": "2025"
      },
      "geometry": {
        "type": "Polygon",
        "coordinates": [
          [
            [
              128.2232546388134,
              36.521820858781865
            ],
            [
              128.22396026543493,
              36.521936931019084
            ],
            [
              128.22417740464167,
              36.521749534486425
            ],
            [
              128.22464847951085,
              36.52188765179989
            ],
            [
              128.22429190983553,
              36.5212153807772
            ],
            [
              128.22460503928812,
              36.52117777070278
            ],
            [
              128.22500096287695,
              36.52134945236372
            ],
            [
              128.2247950649704,
              36.520904719084996
            ],
            [
              128.22514017858532,
              36.52088181044609
            ],
            [
              128.2254610848938,
              36.5206535622972
            ],
            [
              128.22508823851118,
              36.520326588322334
            ],
            [
              128.22535413817002,
              36.520010409492684
            ],
            [
              128.22500184607156,
              36.5197538269122
            ],
            [
              128.22455215068203,
              36.520759643489875
            ],
            [
              128.2241244272262,
              36.52120554189535
            ],
            [
              128.22353501360539,
              36.52132976671679
            ],
            [
              128.2232546388134,
              36.521820858781865
            ]
          ]
        ]
      }
    },
    {
      "type": "Feature",
      "properties": {
        "sourceRecordId": "47_2:000003",
        "sourceShard": "47_2",
        "FRTP_CD": "2",
        "FRTP_NM": "활엽수림",
        "KOFTR_GROU": "34",
        "KOFTR_NM": "기타참나무류",
        "updatedYear": "2018"
      },
      "geometry": {
        "type": "Polygon",
        "coordinates": [
          [
            [
              128.1922445501764,
              36.521513172494025
            ],
            [
              128.1927158802283,
              36.52224172256545
            ],
            [
              128.19310823384114,
              36.52237912553452
            ],
            [
              128.19421859298907,
              36.52172684341802
            ],
            [
              128.19509192625057,
              36.520886705761214
            ],
            [
              128.1947451348632,
              36.52103683213193
            ],
            [
              128.19488459217985,
              36.52056812878719
            ],
            [
              128.19448625638336,
              36.52055562906913
            ],
            [
              128.1942640180831,
              36.52126120326493
            ],
            [
              128.1933906115492,
              36.5216915782533
            ],
            [
              128.193052132039,
              36.52171059007561
            ],
            [
              128.1927093480347,
              36.521590940660296
            ],
            [
              128.192648076001,
              36.5210436014463
            ],
            [
              128.19298611559634,
              36.520922098617106
            ],
            [
              128.19324765991664,
              36.521068412441934
            ],
            [
              128.19336863648908,
              36.52089103039825
            ],
            [
              128.19308102557105,
              36.520544407967314
            ],
            [
              128.1925691461317,
              36.520514743484476
            ],
            [
              128.1922445501764,
              36.521513172494025
            ]
          ]
        ]
      }
    },
    {
      "type": "Feature",
      "properties": {
        "sourceRecordId": "47_2:000004",
        "sourceShard": "47_2",
        "FRTP_CD": "2",
        "FRTP_NM": "활엽수림",
        "KOFTR_GROU": "34",
        "KOFTR_NM": "기타참나무류",
        "updatedYear": "2025"
      },
      "geometry": {
        "type": "Polygon",
        "coordinates": [
          [
            [
              128.19512895853023,
              36.5221351107332
            ],
            [
              128.19545907326264,
              36.52237063319764
            ],
            [
              128.19572200554157,
              36.52203258758977
            ],
            [
              128.1952671760474,
              36.52188240369417
            ],
            [
              128.19512895853023,
              36.5221351107332
            ]
          ]
        ]
      }
    },
    {
      "type": "Feature",
      "properties": {
        "sourceRecordId": "47_2:000005",
        "sourceShard": "47_2",
        "FRTP_CD": "2",
        "FRTP_NM": "활엽수림",
        "KOFTR_GROU": "34",
        "KOFTR_NM": "기타참나무류",
        "updatedYear": "2025"
      },
      "geometry": {
        "type": "Polygon",
        "coordinates": [
          [
            [
              128.19810008135428,
              36.52317032015695
            ],
            [
              128.19833205061326,
              36.523421390021454
            ],
            [
              128.19943450842823,
              36.523708774390585
            ],
            [
              128.1993364178849,
              36.52340407703107
            ],
            [
              128.1984814888902,
              36.5233047791636
            ],
            [
              128.19833927530325,
              36.523028353305136
            ],
            [
              128.19810008135428,
              36.52317032015695
            ]
          ]
        ]
      }
    },
    {
      "type": "Feature",
      "properties": {
        "sourceRecordId": "47_2:000006",
        "sourceShard": "47_2",
        "FRTP_CD": "2",
        "FRTP_NM": "활엽수림",
        "KOFTR_GROU": "34",
        "KOFTR_NM": "기타참나무류",
        "updatedYear": "2025"
      },
      "geometry": {
        "type": "Polygon",
        "coordinates": [
          [
            [
              128.20435742921055,
              36.52366104461317
            ],
            [
              128.20481980408928,
              36.523954609411376
            ],
            [
              128.2051078894849,
              36.52395225758521
            ],
            [
              128.205953186084,
              36.52339148380614
            ],
            [
              128.20588865421803,
              36.522927917521876
            ],
            [
              128.20542402844703,
              36.522862786501655
            ],
            [
              128.20525515522064,
              36.522573022257724
            ],
            [
              128.20487410883126,
              36.52262958083174
            ],
            [
              128.20523533501316,
              36.52317400051318
            ],
            [
              128.20435742921055,
              36.52366104461317
            ]
          ]
        ]
      }
    },
    {
      "type": "Feature",
      "properties": {
        "sourceRecordId": "47_2:000007",
        "sourceShard": "47_2",
        "FRTP_CD": "2",
        "FRTP_NM": "활엽수림",
        "KOFTR_GROU": "34",
        "KOFTR_NM": "기타참나무류",
        "updatedYear": "2025"
      },
      "geometry": {
        "type": "Polygon",
        "coordinates": [
          [
            [
              128.20384081976005,
              36.526371879958695
            ],
            [
              128.2045525985014,
              36.52652155987452
            ],
            [
              128.20464658450928,
              36.526225085347654
            ],
            [
              128.20502596266994,
              36.52616896732123
            ],
            [
              128.20501908109404,
              36.52602324890137
            ],
            [
              128.204052330629,
              36.526113670377335
            ],
            [
              128.20384081976005,
              36.526371879958695
            ]
          ]
        ]
      }
    },
    {
      "type": "Feature",
      "properties": {
        "sourceRecordId": "47_2:000008",
        "sourceShard": "47_2",
        "FRTP_CD": "2",
        "FRTP_NM": "활엽수림",
        "KOFTR_GROU": "34",
        "KOFTR_NM": "기타참나무류",
        "updatedYear": "2025"
      },
      "geometry": {
        "type": "Polygon",
        "coordinates": [
          [
            [
              128.19870478101893,
              36.52699607294301
            ],
            [
              128.19889615954273,
              36.527122317568285
            ],
            [
              128.19942493681194,
              36.526783989672445
            ],
            [
              128.19979522436947,
              36.52678064477403
            ],
            [
              128.1993525593753,
              36.52633668744677
            ],
            [
              128.1998187356568,
              36.52607283045734
            ],
            [
              128.19975032651826,
              36.5254733751174
            ],
            [
              128.20002185539994,
              36.52518193751309
            ],
            [
              128.19982117533837,
              36.52495435533363
            ],
            [
              128.19930365904565,
              36.525184615348984
            ],
            [
              128.1994247601577,
              36.525535079132936
            ],
            [
              128.19897893040095,
              36.52622676685637
            ],
            [
              128.19916719437163,
              36.52654029600699
            ],
            [
              128.1987980890936,
              36.526655212780916
            ],
            [
              128.19870478101893,
              36.52699607294301
            ]
          ]
        ]
      }
    },
    {
      "type": "Feature",
      "properties": {
        "sourceRecordId": "47_2:000009",
        "sourceShard": "47_2",
        "FRTP_CD": "2",
        "FRTP_NM": "활엽수림",
        "KOFTR_GROU": "34",
        "KOFTR_NM": "기타참나무류",
        "updatedYear": "2025"
      },
      "geometry": {
        "type": "Polygon",
        "coordinates": [
          [
            [
              128.19894828261124,
              36.52788568295662
            ],
            [
              128.1997980729768,
              36.527661455376254
            ],
            [
              128.1999842233053,
              36.52722704412499
            ],
            [
              128.1995700881861,
              36.52714678344228
            ],
            [
              128.19901676582174,
              36.5273923153011
            ],
            [
              128.19911386038302,
              36.52768655218568
            ],
            [
              128.19894828261124,
              36.52788568295662
            ]
          ]
        ]
      }
    },
    {
      "type": "Feature",
      "properties": {
        "sourceRecordId": "47_2:000010",
        "sourceShard": "47_2",
        "FRTP_CD": "2",
        "FRTP_NM": "활엽수림",
        "KOFTR_GROU": "34",
        "KOFTR_NM": "기타참나무류",
        "updatedYear": ""
      },
      "geometry": {
        "type": "Polygon",
        "coordinates": [
          [
            [
              128.20293586543795,
              36.527743350326574
            ],
            [
              128.203286044303,
              36.528137393677085
            ],
            [
              128.20390310882303,
              36.52776103404028
            ],
            [
              128.20378146590508,
              36.52727559022574
            ],
            [
              128.20348878156145,
              36.52702419074221
            ],
            [
              128.20304992818774,
              36.527144114327285
            ],
            [
              128.20323351685093,
              36.527618634480056
            ],
            [
              128.20293586543795,
              36.527743350326574
            ]
          ]
        ]
      }
    },
    {
      "type": "Feature",
      "properties": {
        "sourceRecordId": "47_2:000011",
        "sourceShard": "47_2",
        "FRTP_CD": "2",
        "FRTP_NM": "활엽수림",
        "KOFTR_GROU": "34",
        "KOFTR_NM": "기타참나무류",
        "updatedYear": "2025"
      },
      "geometry": {
        "type": "Polygon",
        "coordinates": [
          [
            [
              128.20405907149524,
              36.52832846886025
            ],
            [
              128.20444345313683,
              36.52845179716092
            ],
            [
              128.20464016888116,
              36.52871344869609
            ],
            [
              128.20495818920514,
              36.528695734608405
            ],
            [
              128.204956946432,
              36.528553371634175
            ],
            [
              128.2046073616986,
              36.528362794376356
            ],
            [
              128.2045525349543,
              36.52801370438355
            ],
            [
              128.20431700537065,
              36.528045758950576
            ],
            [
              128.20405907149524,
              36.52832846886025
            ]
          ]
        ]
      }
    },
    {
      "type": "Feature",
      "properties": {
        "sourceRecordId": "47_2:000012",
        "sourceShard": "47_2",
        "FRTP_CD": "2",
        "FRTP_NM": "활엽수림",
        "KOFTR_GROU": "34",
        "KOFTR_NM": "기타참나무류",
        "updatedYear": "2025"
      },
      "geometry": {
        "type": "Polygon",
        "coordinates": [
          [
            [
              128.19802816027948,
              36.52852397520806
            ],
            [
              128.19829749079096,
              36.52877677880796
            ],
            [
              128.1990574619841,
              36.528895961378154
            ],
            [
              128.19896476925354,
              36.52847409572704
            ],
            [
              128.19858809386267,
              36.52801792855699
            ],
            [
              128.19802816027948,
              36.52852397520806
            ]
          ]
        ]
      }
    },
    {
      "type": "Feature",
      "properties": {
        "sourceRecordId": "47_2:000013",
        "sourceShard": "47_2",
        "FRTP_CD": "2",
        "FRTP_NM": "활엽수림",
        "KOFTR_GROU": "34",
        "KOFTR_NM": "기타참나무류",
        "updatedYear": "2025"
      },
      "geometry": {
        "type": "Polygon",
        "coordinates": [
          [
            [
              128.2042261941482,
              36.52723673404205
            ],
            [
              128.20444963174015,
              36.5274117099293
            ],
            [
              128.20536470381347,
              36.527312370332126
            ],
            [
              128.20614132581173,
              36.52747643086806
            ],
            [
              128.2062932272507,
              36.527782558825194
            ],
            [
              128.20598682820705,
              36.528310765478025
            ],
            [
              128.20614222211267,
              36.52852345825101
            ],
            [
              128.20629076054414,
              36.528652230727
            ],
            [
              128.2071759280783,
              36.528564460890124
            ],
            [
              128.2073454574802,
              36.52882810094381
            ],
            [
              128.20691494796569,
              36.529220204472416
            ],
            [
              128.2072315618343,
              36.529296538336894
            ],
            [
              128.2079478826199,
              36.52902917023834
            ],
            [
              128.20846412095622,
              36.52922040292251
            ],
            [
              128.208756245294,
              36.529172322357965
            ],
            [
              128.2086877797146,
              36.52858633425219
            ],
            [
              128.20843830221793,
              36.52835703025856
            ],
            [
              128.2076977454414,
              36.5285629514086
            ],
            [
              128.20751004075748,
              36.528189932271616
            ],
            [
              128.20704048469995,
              36.52819495074483
            ],
            [
              128.20694444492946,
              36.52800280578168
            ],
            [
              128.20712230110254,
              36.5277979658885
            ],
            [
              128.20684547297938,
              36.527701466558156
            ],
            [
              128.20678676797695,
              36.52712260330451
            ],
            [
              128.20626334875968,
              36.52709109919404
            ],
            [
              128.20588501795464,
              36.52656634226705
            ],
            [
              128.20538485731436,
              36.527084857221034
            ],
            [
              128.2044268136336,
              36.527098440061344
            ],
            [
              128.2042261941482,
              36.52723673404205
            ]
          ]
        ]
      }
    },
    {
      "type": "Feature",
      "properties": {
        "sourceRecordId": "47_2:000014",
        "sourceShard": "47_2",
        "FRTP_CD": "2",
        "FRTP_NM": "활엽수림",
        "KOFTR_GROU": "34",
        "KOFTR_NM": "기타참나무류",
        "updatedYear": "2025"
      },
      "geometry": {
        "type": "Polygon",
        "coordinates": [
          [
            [
              128.19109475077502,
              36.52893315001486
            ],
            [
              128.1914118599172,
              36.529094205949086
            ],
            [
              128.19131096560648,
              36.52959648999562
            ],
            [
              128.19163992932624,
              36.52976290537875
            ],
            [
              128.19212077721133,
              36.53039036815378
            ],
            [
              128.19268645636768,
              36.53050176589187
            ],
            [
              128.1930098810582,
              36.5301734015986
            ],
            [
              128.1932549738187,
              36.53019280171435
            ],
            [
              128.19320429593014,
              36.530913276189196
            ],
            [
              128.19262201738184,
              36.53132919404361
            ],
            [
              128.1926610610875,
              36.53155158601195
            ],
            [
              128.19307894583136,
              36.53145981381833
            ],
            [
              128.19347006277076,
              36.53116235210846
            ],
            [
              128.1936967263136,
              36.530750853803475
            ],
            [
              128.1934627437508,
              36.53058715083284
            ],
            [
              128.19354766792557,
              36.5300466507564
            ],
            [
              128.1941374461149,
              36.52972422202755
            ],
            [
              128.19398944225054,
              36.52937445318178
            ],
            [
              128.19449960077077,
              36.529447173956115
            ],
            [
              128.19523305544283,
              36.52915183410037
            ],
            [
              128.1948881898052,
              36.52887609151415
            ],
            [
              128.19490481079052,
              36.52837383397984
            ],
            [
              128.19441572047526,
              36.528273275760476
            ],
            [
              128.1936317343692,
              36.528801366736
            ],
            [
              128.19327786283665,
              36.52954445051395
            ],
            [
              128.19314400369083,
              36.52915801208934
            ],
            [
              128.1934690667956,
              36.52840964573255
            ],
            [
              128.19307444115918,
              36.52867926538702
            ],
            [
              128.19285117693443,
              36.52856825163105
            ],
            [
              128.19328794902924,
              36.528152723225254
            ],
            [
              128.1924603577652,
              36.52853127928607
            ],
            [
              128.19198733179977,
              36.52847657154842
            ],
            [
              128.19216789890172,
              36.528582577213534
            ],
            [
              128.19207094455672,
              36.52906170037691
            ],
            [
              128.19178477726413,
              36.529285650370916
            ],
            [
              128.19158057887947,
              36.529103415520304
            ],
            [
              128.19149931843202,
              36.5285647952603
            ],
            [
              128.19109475077502,
              36.52893315001486
            ]
          ]
        ]
      }
    },
    {
      "type": "Feature",
      "properties": {
        "sourceRecordId": "47_2:000015",
        "sourceShard": "47_2",
        "FRTP_CD": "2",
        "FRTP_NM": "활엽수림",
        "KOFTR_GROU": "34",
        "KOFTR_NM": "기타참나무류",
        "updatedYear": ""
      },
      "geometry": {
        "type": "Polygon",
        "coordinates": [
          [
            [
              128.18737366665385,
              36.531693068438486
            ],
            [
              128.1884342757789,
              36.53122398899766
            ],
            [
              128.18903065062565,
              36.53113104185608
            ],
            [
              128.1889143662108,
              36.530370516423446
            ],
            [
              128.18956262712467,
              36.53048204423229
            ],
            [
              128.18942806454524,
              36.530147869863086
            ],
            [
              128.18875880616187,
              36.53021710507058
            ],
            [
              128.18855989901388,
              36.53001782688736
            ],
            [
              128.18869074576583,
              36.52980847621184
            ],
            [
              128.18918919027092,
              36.529811828048324
            ],
            [
              128.18905145804652,
              36.52912302688168
            ],
            [
              128.18840115362144,
              36.52973170449454
            ],
            [
              128.18843352223706,
              36.5300517621177
            ],
            [
              128.18802703744274,
              36.53022535401952
            ],
            [
              128.1879794995739,
              36.53055831423109
            ],
            [
              128.1883721285585,
              36.53055631822834
            ],
            [
              128.18853897797345,
              36.53086756807683
            ],
            [
              128.18764840824574,
              36.5311791965557
            ],
            [
              128.18737366665385,
              36.531693068438486
            ]
          ]
        ]
      }
    },
    {
      "type": "Feature",
      "properties": {
        "sourceRecordId": "47_2:000016",
        "sourceShard": "47_2",
        "FRTP_CD": "2",
        "FRTP_NM": "활엽수림",
        "KOFTR_GROU": "34",
        "KOFTR_NM": "기타참나무류",
        "updatedYear": ""
      },
      "geometry": {
        "type": "Polygon",
        "coordinates": [
          [
            [
              128.18939258066277,
              36.53102852735241
            ],
            [
              128.18975588423174,
              36.53112935673772
            ],
            [
              128.18995793197595,
              36.5316773805328
            ],
            [
              128.19018854766074,
              36.53177414681833
            ],
            [
              128.1902202954956,
              36.530900193646815
            ],
            [
              128.1895546737691,
              36.53079259937081
            ],
            [
              128.18939258066277,
              36.53102852735241
            ]
          ]
        ]
      }
    },
    {
      "type": "Feature",
      "properties": {
        "sourceRecordId": "47_2:000017",
        "sourceShard": "47_2",
        "FRTP_CD": "2",
        "FRTP_NM": "활엽수림",
        "KOFTR_GROU": "34",
        "KOFTR_NM": "기타참나무류",
        "updatedYear": "2025"
      },
      "geometry": {
        "type": "Polygon",
        "coordinates": [
          [
            [
              128.1904917576275,
              36.53203681005444
            ],
            [
              128.1906231080484,
              36.53220154771417
            ],
            [
              128.1908755115387,
              36.53216962431441
            ],
            [
              128.19112948045776,
              36.53184864774745
            ],
            [
              128.19189183536037,
              36.53147567562706
            ],
            [
              128.1905089376497,
              36.53174875781655
            ],
            [
              128.1904917576275,
              36.53203681005444
            ]
          ]
        ]
      }
    },
    {
      "type": "Feature",
      "properties": {
        "sourceRecordId": "47_2:000018",
        "sourceShard": "47_2",
        "FRTP_CD": "2",
        "FRTP_NM": "활엽수림",
        "KOFTR_GROU": "34",
        "KOFTR_NM": "기타참나무류",
        "updatedYear": "2025"
      },
      "geometry": {
        "type": "Polygon",
        "coordinates": [
          [
            [
              128.2039916762482,
              36.53267147995003
            ],
            [
              128.2045077786723,
              36.532618633776266
            ],
            [
              128.20463613283974,
              36.532398376134964
            ],
            [
              128.20415288657617,
              36.53235195738761
            ],
            [
              128.20418420044504,
              36.53256131755633
            ],
            [
              128.2039916762482,
              36.53267147995003
            ]
          ]
        ]
      }
    },
    {
      "type": "Feature",
      "properties": {
        "sourceRecordId": "47_2:000019",
        "sourceShard": "47_2",
        "FRTP_CD": "2",
        "FRTP_NM": "활엽수림",
        "KOFTR_GROU": "34",
        "KOFTR_NM": "기타참나무류",
        "updatedYear": "2025"
      },
      "geometry": {
        "type": "Polygon",
        "coordinates": [
          [
            [
              128.1931742563738,
              36.5327220321124
            ],
            [
              128.19366912674005,
              36.533381007670094
            ],
            [
              128.19411727710593,
              36.533470200261746
            ],
            [
              128.19440989195164,
              36.533344483652414
            ],
            [
              128.19420811635922,
              36.53286804480068
            ],
            [
              128.1931742563738,
              36.5327220321124
            ]
          ]
        ]
      }
    },
    {
      "type": "Feature",
      "properties": {
        "sourceRecordId": "47_2:000020",
        "sourceShard": "47_2",
        "FRTP_CD": "2",
        "FRTP_NM": "활엽수림",
        "KOFTR_GROU": "34",
        "KOFTR_NM": "기타참나무류",
        "updatedYear": "2025"
      },
      "geometry": {
        "type": "Polygon",
        "coordinates": [
          [
            [
              128.1899486128434,
              36.5343637966319
            ],
            [
              128.19000012164466,
              36.53446620408834
            ],
            [
              128.1904729670111,
              36.534442982732074
            ],
            [
              128.19054531142555,
              36.53428215013301
            ],
            [
              128.19107676719366,
              36.53443617959871
            ],
            [
              128.19139049164315,
              36.53403453042241
            ],
            [
              128.19183248440302,
              36.53428596866275
            ],
            [
              128.1920831421637,
              36.53391276596641
            ],
            [
              128.19283989859477,
              36.53391102687605
            ],
            [
              128.19303615973806,
              36.5336977369554
            ],
            [
              128.1926114760335,
              36.53330390082793
            ],
            [
              128.19209996773995,
              36.53365388803298
            ],
            [
              128.19109646993437,
              36.53379571498513
            ],
            [
              128.1899486128434,
              36.5343637966319
            ]
          ]
        ]
      }
    },
    {
      "type": "Feature",
      "properties": {
        "sourceRecordId": "47_2:000021",
        "sourceShard": "47_2",
        "FRTP_CD": "2",
        "FRTP_NM": "활엽수림",
        "KOFTR_GROU": "34",
        "KOFTR_NM": "기타참나무류",
        "updatedYear": "2025"
      },
      "geometry": {
        "type": "Polygon",
        "coordinates": [
          [
            [
              128.192970732796,
              36.5347341432756
            ],
            [
              128.19332736424275,
              36.534750710671375
            ],
            [
              128.19355591745085,
              36.534314794782404
            ],
            [
              128.19392907451916,
              36.534339735623206
            ],
            [
              128.19378591347535,
              36.534668455523814
            ],
            [
              128.19391798056733,
              36.53473832643314
            ],
            [
              128.194332990899,
              36.53440313696322
            ],
            [
              128.19487261390293,
              36.53423799460743
            ],
            [
              128.19442159687807,
              36.5338947426332
            ],
            [
              128.1939998119943,
              36.53386761170749
            ],
            [
              128.1936716497257,
              36.53409589064549
            ],
            [
              128.1932914698578,
              36.53397724342148
            ],
            [
              128.192970732796,
              36.5347341432756
            ]
          ]
        ]
      }
    },
    {
      "type": "Feature",
      "properties": {
        "sourceRecordId": "47_2:000022",
        "sourceShard": "47_2",
        "FRTP_CD": "2",
        "FRTP_NM": "활엽수림",
        "KOFTR_GROU": "34",
        "KOFTR_NM": "기타참나무류",
        "updatedYear": "2025"
      },
      "geometry": {
        "type": "Polygon",
        "coordinates": [
          [
            [
              128.18309876673683,
              36.5347550610336
            ],
            [
              128.18311360592148,
              36.53511063014652
            ],
            [
              128.1836134304148,
              36.53496840131502
            ],
            [
              128.1839254944587,
              36.53416779485971
            ],
            [
              128.18371266080905,
              36.53375588896741
            ],
            [
              128.1834275186947,
              36.53392407091807
            ],
            [
              128.18336574743412,
              36.53444138712041
            ],
            [
              128.18309876673683,
              36.5347550610336
            ]
          ]
        ]
      }
    },
    {
      "type": "Feature",
      "properties": {
        "sourceRecordId": "47_2:000023",
        "sourceShard": "47_2",
        "FRTP_CD": "2",
        "FRTP_NM": "활엽수림",
        "KOFTR_GROU": "34",
        "KOFTR_NM": "기타참나무류",
        "updatedYear": "2025"
      },
      "geometry": {
        "type": "Polygon",
        "coordinates": [
          [
            [
              128.20527554009587,
              36.534751851236464
            ],
            [
              128.20536432765084,
              36.53500463499096
            ],
            [
              128.20547916768348,
              36.53491022020816
            ],
            [
              128.20563104110548,
              36.53431248968662
            ],
            [
              128.2058395452299,
              36.534132310246015
            ],
            [
              128.2056345867743,
              36.534020226110876
            ],
            [
              128.20535327109855,
              36.534080823619014
            ],
            [
              128.20527554009587,
              36.534751851236464
            ]
          ]
        ]
      }
    },
    {
      "type": "Feature",
      "properties": {
        "sourceRecordId": "47_2:000024",
        "sourceShard": "47_2",
        "FRTP_CD": "2",
        "FRTP_NM": "활엽수림",
        "KOFTR_GROU": "34",
        "KOFTR_NM": "기타참나무류",
        "updatedYear": "2025"
      },
      "geometry": {
        "type": "Polygon",
        "coordinates": [
          [
            [
              128.19410778419712,
              36.53508591802747
            ],
            [
              128.19438133901386,
              36.53548604665561
            ],
            [
              128.1946155688949,
              36.535466182150884
            ],
            [
              128.1946452290831,
              36.535081713283454
            ],
            [
              128.19410778419712,
              36.53508591802747
            ]
          ]
        ]
      }
    },
    {
      "type": "Feature",
      "properties": {
        "sourceRecordId": "47_2:000025",
        "sourceShard": "47_2",
        "FRTP_CD": "2",
        "FRTP_NM": "활엽수림",
        "KOFTR_GROU": "34",
        "KOFTR_NM": "기타참나무류",
        "updatedYear": "2025"
      },
      "geometry": {
        "type": "Polygon",
        "coordinates": [
          [
            [
              128.20870369260294,
              36.53592599973047
            ],
            [
              128.20892565353188,
              36.53607399208898
            ],
            [
              128.20961862339075,
              36.5359813152092
            ],
            [
              128.2096073822719,
              36.535658106654076
            ],
            [
              128.20935294916453,
              36.535557099810504
            ],
            [
              128.20953086276543,
              36.5352293637265
            ],
            [
              128.20897972858282,
              36.53550688923577
            ],
            [
              128.20870369260294,
              36.53592599973047
            ]
          ]
        ]
      }
    },
    {
      "type": "Feature",
      "properties": {
        "sourceRecordId": "47_2:000026",
        "sourceShard": "47_2",
        "FRTP_CD": "2",
        "FRTP_NM": "활엽수림",
        "KOFTR_GROU": "34",
        "KOFTR_NM": "기타참나무류",
        "updatedYear": "2025"
      },
      "geometry": {
        "type": "Polygon",
        "coordinates": [
          [
            [
              128.1916511997192,
              36.535306059434646
            ],
            [
              128.1918075562897,
              36.535425441599386
            ],
            [
              128.19205020059277,
              36.535317925210585
            ],
            [
              128.19277684221447,
              36.53580685154758
            ],
            [
              128.1931565307691,
              36.53645341358638
            ],
            [
              128.19373671132269,
              36.53632482336311
            ],
            [
              128.19272804207478,
              36.535145209333116
            ],
            [
              128.19239466724034,
              36.535266359824135
            ],
            [
              128.19184763898534,
              36.53492954680194
            ],
            [
              128.1916511997192,
              36.535306059434646
            ]
          ]
        ]
      }
    },
    {
      "type": "Feature",
      "properties": {
        "sourceRecordId": "47_2:000027",
        "sourceShard": "47_2",
        "FRTP_CD": "2",
        "FRTP_NM": "활엽수림",
        "KOFTR_GROU": "34",
        "KOFTR_NM": "기타참나무류",
        "updatedYear": "2025"
      },
      "geometry": {
        "type": "Polygon",
        "coordinates": [
          [
            [
              128.20028043872267,
              36.535711730375766
            ],
            [
              128.20084860756054,
              36.53662944151341
            ],
            [
              128.20073885650325,
              36.53688773961003
            ],
            [
              128.20110376318166,
              36.53690138183377
            ],
            [
              128.200913551326,
              36.53655844764588
            ],
            [
              128.2009390113691,
              36.536098210846404
            ],
            [
              128.20060199042976,
              36.53590732658939
            ],
            [
              128.20051222878882,
              36.535476712723465
            ],
            [
              128.20091045222804,
              36.53516492617706
            ],
            [
              128.20046713043274,
              36.53497367095122
            ],
            [
              128.20028043872267,
              36.535711730375766
            ]
          ]
        ]
      }
    },
    {
      "type": "Feature",
      "properties": {
        "sourceRecordId": "47_2:000028",
        "sourceShard": "47_2",
        "FRTP_CD": "2",
        "FRTP_NM": "활엽수림",
        "KOFTR_GROU": "34",
        "KOFTR_NM": "기타참나무류",
        "updatedYear": "2025"
      },
      "geometry": {
        "type": "Polygon",
        "coordinates": [
          [
            [
              128.19451629735335,
              36.53771564500294
            ],
            [
              128.1950751732503,
              36.53808318586937
            ],
            [
              128.19510270798457,
              36.53839673073178
            ],
            [
              128.19529129030053,
              36.53850935208848
            ],
            [
              128.1955161003611,
              36.53837287842096
            ],
            [
              128.19535994324167,
              36.53816042356081
            ],
            [
              128.19583540698102,
              36.53776981415096
            ],
            [
              128.19579527589255,
              36.537572338124534
            ],
            [
              128.19503036740448,
              36.53780219090777
            ],
            [
              128.19451629735335,
              36.53771564500294
            ]
          ]
        ]
      }
    },
    {
      "type": "Feature",
      "properties": {
        "sourceRecordId": "47_2:000029",
        "sourceShard": "47_2",
        "FRTP_CD": "2",
        "FRTP_NM": "활엽수림",
        "KOFTR_GROU": "34",
        "KOFTR_NM": "기타참나무류",
        "updatedYear": "2018"
      },
      "geometry": {
        "type": "Polygon",
        "coordinates": [
          [
            [
              128.19089794689754,
              36.524523908911014
            ],
            [
              128.19119447200492,
              36.52474221445919
            ],
            [
              128.19170762715612,
              36.524696427500615
            ],
            [
              128.19237744494143,
              36.52502310781158
            ],
            [
              128.19232770809856,
              36.5246840987649
            ],
            [
              128.1921235621424,
              36.524597918728425
            ],
            [
              128.19244942558478,
              36.52430876837787
            ],
            [
              128.19215564733517,
              36.52390664129919
            ],
            [
              128.19130018731096,
              36.52419344630411
            ],
            [
              128.19089794689754,
              36.524523908911014
            ]
          ]
        ]
      }
    },
    {
      "type": "Feature",
      "properties": {
        "sourceRecordId": "47_2:000030",
        "sourceShard": "47_2",
        "FRTP_CD": "3",
        "FRTP_NM": "혼효림",
        "KOFTR_GROU": "77",
        "KOFTR_NM": "침활혼효림",
        "updatedYear": ""
      },
      "geometry": {
        "type": "Polygon",
        "coordinates": [
          [
            [
              128.21272173362993,
              36.51514372505081
            ],
            [
              128.2132553109839,
              36.515767830853726
            ],
            [
              128.21347926749098,
              36.515546142432086
            ],
            [
              128.21344981943022,
              36.51526660961189
            ],
            [
              128.2131091953735,
              36.51506396358935
            ],
            [
              128.21272173362993,
              36.51514372505081
            ]
          ]
        ]
      }
    },
    {
      "type": "Feature",
      "properties": {
        "sourceRecordId": "47_2:000031",
        "sourceShard": "47_2",
        "FRTP_CD": "3",
        "FRTP_NM": "혼효림",
        "KOFTR_GROU": "77",
        "KOFTR_NM": "침활혼효림",
        "updatedYear": "2018"
      },
      "geometry": {
        "type": "Polygon",
        "coordinates": [
          [
            [
              128.20980125006804,
              36.51671011793871
            ],
            [
              128.20982710946592,
              36.51732028672382
            ],
            [
              128.21001306859608,
              36.517385914983585
            ],
            [
              128.20999891715394,
              36.517559529059454
            ],
            [
              128.21056353114443,
              36.518108443065884
            ],
            [
              128.21066078016923,
              36.51782244743868
            ],
            [
              128.21090955247928,
              36.51772595726719
            ],
            [
              128.21119704666148,
              36.518009251321644
            ],
            [
              128.21091066471956,
              36.51824152326095
            ],
            [
              128.21122067128417,
              36.51823314656284
            ],
            [
              128.21156710370224,
              36.51789377857235
            ],
            [
              128.21136471454673,
              36.51687051151618
            ],
            [
              128.210311336385,
              36.51732198553963
            ],
            [
              128.2101929341655,
              36.51719168067618
            ],
            [
              128.21056835933933,
              36.51690319461741
            ],
            [
              128.21062504220927,
              36.516672909665765
            ],
            [
              128.2101740144088,
              36.51663457327523
            ],
            [
              128.21003209577228,
              36.5163299038531
            ],
            [
              128.20980125006804,
              36.51671011793871
            ]
          ]
        ]
      }
    },
    {
      "type": "Feature",
      "properties": {
        "sourceRecordId": "47_2:000032",
        "sourceShard": "47_2",
        "FRTP_CD": "3",
        "FRTP_NM": "혼효림",
        "KOFTR_GROU": "77",
        "KOFTR_NM": "침활혼효림",
        "updatedYear": "2025"
      },
      "geometry": {
        "type": "Polygon",
        "coordinates": [
          [
            [
              128.1880023498841,
              36.52645804764441
            ],
            [
              128.18857723645422,
              36.52693314387534
            ],
            [
              128.18914682539707,
              36.52655160993824
            ],
            [
              128.18906011187622,
              36.526267038168804
            ],
            [
              128.1886668812307,
              36.526344376005135
            ],
            [
              128.18838653159352,
              36.52596378636187
            ],
            [
              128.1880023498841,
              36.52645804764441
            ]
          ]
        ]
      }
    },
    {
      "type": "Feature",
      "properties": {
        "sourceRecordId": "47_2:000033",
        "sourceShard": "47_2",
        "FRTP_CD": "3",
        "FRTP_NM": "혼효림",
        "KOFTR_GROU": "77",
        "KOFTR_NM": "침활혼효림",
        "updatedYear": "2025"
      },
      "geometry": {
        "type": "Polygon",
        "coordinates": [
          [
            [
              128.1882911769044,
              36.527798884009364
            ],
            [
              128.18888098273285,
              36.5278259051536
            ],
            [
              128.18866485569131,
              36.527629970981
            ],
            [
              128.18911861289382,
              36.52734547223994
            ],
            [
              128.18906673156837,
              36.52706135554333
            ],
            [
              128.18835843288494,
              36.52715156098167
            ],
            [
              128.18847851842122,
              36.52745968327953
            ],
            [
              128.1882911769044,
              36.527798884009364
            ]
          ]
        ]
      }
    },
    {
      "type": "Feature",
      "properties": {
        "sourceRecordId": "47_2:000034",
        "sourceShard": "47_2",
        "FRTP_CD": "3",
        "FRTP_NM": "혼효림",
        "KOFTR_GROU": "77",
        "KOFTR_NM": "침활혼효림",
        "updatedYear": "2018"
      },
      "geometry": {
        "type": "Polygon",
        "coordinates": [
          [
            [
              128.20650732852815,
              36.527064995595495
            ],
            [
              128.20678676797695,
              36.52712260330451
            ],
            [
              128.2069498485257,
              36.52777543036558
            ],
            [
              128.20760514884304,
              36.52751378538761
            ],
            [
              128.20788130221257,
              36.52766516453518
            ],
            [
              128.20807684098662,
              36.52725325857264
            ],
            [
              128.20890991240952,
              36.52732677048569
            ],
            [
              128.2078328216091,
              36.52673057989854
            ],
            [
              128.20718337512872,
              36.526675413415354
            ],
            [
              128.20700170560903,
              36.52683995217417
            ],
            [
              128.20656876296823,
              36.52689598635286
            ],
            [
              128.20650732852815,
              36.527064995595495
            ]
          ]
        ]
      }
    },
    {
      "type": "Feature",
      "properties": {
        "sourceRecordId": "47_2:000035",
        "sourceShard": "47_2",
        "FRTP_CD": "3",
        "FRTP_NM": "혼효림",
        "KOFTR_GROU": "77",
        "KOFTR_NM": "침활혼효림",
        "updatedYear": "2018"
      },
      "geometry": {
        "type": "Polygon",
        "coordinates": [
          [
            [
              128.20784718336893,
              36.51733033895939
            ],
            [
              128.20814604061798,
              36.517630722174104
            ],
            [
              128.2084800808005,
              36.51760456223865
            ],
            [
              128.2085578130012,
              36.51742732076273
            ],
            [
              128.20818258714536,
              36.51717181052065
            ],
            [
              128.20861218552284,
              36.51695974157441
            ],
            [
              128.20871855963148,
              36.516399926008326
            ],
            [
              128.2079512105935,
              36.516624784120545
            ],
            [
              128.20807201964996,
              36.51700444158607
            ],
            [
              128.20784718336893,
              36.51733033895939
            ]
          ]
        ]
      }
    },
    {
      "type": "Feature",
      "properties": {
        "sourceRecordId": "47_2:000036",
        "sourceShard": "47_2",
        "FRTP_CD": "3",
        "FRTP_NM": "혼효림",
        "KOFTR_GROU": "77",
        "KOFTR_NM": "침활혼효림",
        "updatedYear": "2018"
      },
      "geometry": {
        "type": "Polygon",
        "coordinates": [
          [
            [
              128.1914145229177,
              36.52701689463893
            ],
            [
              128.19187280473585,
              36.5273973816072
            ],
            [
              128.1918481688774,
              36.52783794828159
            ],
            [
              128.19228645174252,
              36.5279055405041
            ],
            [
              128.19338621567613,
              36.527377440288205
            ],
            [
              128.19350584044315,
              36.52679721035679
            ],
            [
              128.193271083663,
              36.52663572631962
            ],
            [
              128.19317088524895,
              36.526965203079335
            ],
            [
              128.19243037440563,
              36.52747442039144
            ],
            [
              128.19174546676422,
              36.52698201967925
            ],
            [
              128.1914145229177,
              36.52701689463893
            ]
          ]
        ]
      }
    },
    {
      "type": "Feature",
      "properties": {
        "sourceRecordId": "47_2:000037",
        "sourceShard": "47_2",
        "FRTP_CD": "3",
        "FRTP_NM": "혼효림",
        "KOFTR_GROU": "77",
        "KOFTR_NM": "침활혼효림",
        "updatedYear": "2018"
      },
      "geometry": {
        "type": "Polygon",
        "coordinates": [
          [
            [
              128.20323945317537,
              36.53305652055556
            ],
            [
              128.2037212422723,
              36.533664543482104
            ],
            [
              128.2041622072084,
              36.533534683072205
            ],
            [
              128.20406210564315,
              36.53295702707161
            ],
            [
              128.20371342844638,
              36.53270645214612
            ],
            [
              128.20323945317537,
              36.53305652055556
            ]
          ]
        ]
      }
    },
    {
      "type": "Feature",
      "properties": {
        "sourceRecordId": "47_2:000038",
        "sourceShard": "47_2",
        "FRTP_CD": "3",
        "FRTP_NM": "혼효림",
        "KOFTR_GROU": "77",
        "KOFTR_NM": "침활혼효림",
        "updatedYear": "2025"
      },
      "geometry": {
        "type": "Polygon",
        "coordinates": [
          [
            [
              128.21110796188455,
              36.51602843967752
            ],
            [
              128.21143586669942,
              36.5166598276662
            ],
            [
              128.21222259220414,
              36.51629326598101
            ],
            [
              128.21202593338396,
              36.51604416585532
            ],
            [
              128.2115224119946,
              36.516053301532644
            ],
            [
              128.21149816251747,
              36.51588730497444
            ],
            [
              128.21110796188455,
              36.51602843967752
            ]
          ]
        ]
      }
    },
    {
      "type": "Feature",
      "properties": {
        "sourceRecordId": "47_2:000039",
        "sourceShard": "47_2",
        "FRTP_CD": "3",
        "FRTP_NM": "혼효림",
        "KOFTR_GROU": "77",
        "KOFTR_NM": "침활혼효림",
        "updatedYear": "2025"
      },
      "geometry": {
        "type": "Polygon",
        "coordinates": [
          [
            [
              128.2167707499749,
              36.51653418040532
            ],
            [
              128.2168588074876,
              36.5167549314323
            ],
            [
              128.21765280769145,
              36.51687093752838
            ],
            [
              128.21774842268445,
              36.51614688769327
            ],
            [
              128.21737471527257,
              36.51597533105413
            ],
            [
              128.2169579836762,
              36.516044336335874
            ],
            [
              128.2167707499749,
              36.51653418040532
            ]
          ]
        ]
      }
    },
    {
      "type": "Feature",
      "properties": {
        "sourceRecordId": "47_2:000040",
        "sourceShard": "47_2",
        "FRTP_CD": "3",
        "FRTP_NM": "혼효림",
        "KOFTR_GROU": "77",
        "KOFTR_NM": "침활혼효림",
        "updatedYear": "2025"
      },
      "geometry": {
        "type": "Polygon",
        "coordinates": [
          [
            [
              128.20328209766916,
              36.51668319168363
            ],
            [
              128.2035900247526,
              36.51705005618476
            ],
            [
              128.20420858264603,
              36.51684446716912
            ],
            [
              128.20464381840506,
              36.51701959796917
            ],
            [
              128.2047681147086,
              36.5166555462135
            ],
            [
              128.20461250389732,
              36.516547892024846
            ],
            [
              128.20397363231586,
              36.516663778826135
            ],
            [
              128.20337398978796,
              36.51648258977499
            ],
            [
              128.20328209766916,
              36.51668319168363
            ]
          ]
        ]
      }
    },
    {
      "type": "Feature",
      "properties": {
        "sourceRecordId": "47_2:000041",
        "sourceShard": "47_2",
        "FRTP_CD": "3",
        "FRTP_NM": "혼효림",
        "KOFTR_GROU": "77",
        "KOFTR_NM": "침활혼효림",
        "updatedYear": "2025"
      },
      "geometry": {
        "type": "Polygon",
        "coordinates": [
          [
            [
              128.19585181574257,
              36.51750033645728
            ],
            [
              128.19631011185314,
              36.51774400765302
            ],
            [
              128.19669167465221,
              36.51748089281522
            ],
            [
              128.19643859387222,
              36.51735687069178
            ],
            [
              128.19585181574257,
              36.51750033645728
            ]
          ]
        ]
      }
    },
    {
      "type": "Feature",
      "properties": {
        "sourceRecordId": "47_2:000042",
        "sourceShard": "47_2",
        "FRTP_CD": "3",
        "FRTP_NM": "혼효림",
        "KOFTR_GROU": "77",
        "KOFTR_NM": "침활혼효림",
        "updatedYear": "2025"
      },
      "geometry": {
        "type": "Polygon",
        "coordinates": [
          [
            [
              128.21357171859205,
              36.517762278279776
            ],
            [
              128.21379931615442,
              36.51784662798872
            ],
            [
              128.213845134044,
              36.518386698503946
            ],
            [
              128.21424293630022,
              36.518396998453504
            ],
            [
              128.21455113825238,
              36.518212015530096
            ],
            [
              128.21449673063498,
              36.518033738965066
            ],
            [
              128.21409400031794,
              36.51795062671206
            ],
            [
              128.21445867268028,
              36.51740800446752
            ],
            [
              128.21428490372924,
              36.516866296105746
            ],
            [
              128.2136347694181,
              36.51683874605527
            ],
            [
              128.21373318964513,
              36.5172572535246
            ],
            [
              128.21357171859205,
              36.517762278279776
            ]
          ]
        ]
      }
    },
    {
      "type": "Feature",
      "properties": {
        "sourceRecordId": "47_2:000043",
        "sourceShard": "47_2",
        "FRTP_CD": "3",
        "FRTP_NM": "혼효림",
        "KOFTR_GROU": "77",
        "KOFTR_NM": "침활혼효림",
        "updatedYear": "2025"
      },
      "geometry": {
        "type": "Polygon",
        "coordinates": [
          [
            [
              128.2000492971104,
              36.51839668643968
            ],
            [
              128.20061363550602,
              36.518488889223754
            ],
            [
              128.20122031573464,
              36.518950797316045
            ],
            [
              128.20150429005585,
              36.51838346843149
            ],
            [
              128.20022363559409,
              36.517889570293505
            ],
            [
              128.2000492971104,
              36.51839668643968
            ]
          ]
        ]
      }
    },
    {
      "type": "Feature",
      "properties": {
        "sourceRecordId": "47_2:000044",
        "sourceShard": "47_2",
        "FRTP_CD": "3",
        "FRTP_NM": "혼효림",
        "KOFTR_GROU": "77",
        "KOFTR_NM": "침활혼효림",
        "updatedYear": "2025"
      },
      "geometry": {
        "type": "Polygon",
        "coordinates": [
          [
            [
              128.21064327899725,
              36.518638551371616
            ],
            [
              128.21087783839548,
              36.51897768642473
            ],
            [
              128.21119043593922,
              36.51904072795701
            ],
            [
              128.2112187815416,
              36.51960126391386
            ],
            [
              128.2115007565863,
              36.51970001694142
            ],
            [
              128.21152548424752,
              36.51924123000515
            ],
            [
              128.21119687485688,
              36.51852037244824
            ],
            [
              128.21064327899725,
              36.518638551371616
            ]
          ]
        ]
      }
    },
    {
      "type": "Feature",
      "properties": {
        "sourceRecordId": "47_2:000045",
        "sourceShard": "47_2",
        "FRTP_CD": "3",
        "FRTP_NM": "혼효림",
        "KOFTR_GROU": "77",
        "KOFTR_NM": "침활혼효림",
        "updatedYear": "2025"
      },
      "geometry": {
        "type": "Polygon",
        "coordinates": [
          [
            [
              128.20749075688764,
              36.51952079332465
            ],
            [
              128.20796695302337,
              36.52004085332301
            ],
            [
              128.20869587525277,
              36.520116616140044
            ],
            [
              128.20834489241807,
              36.51943863527819
            ],
            [
              128.20749075688764,
              36.51952079332465
            ]
          ]
        ]
      }
    },
    {
      "type": "Feature",
      "properties": {
        "sourceRecordId": "47_2:000046",
        "sourceShard": "47_2",
        "FRTP_CD": "3",
        "FRTP_NM": "혼효림",
        "KOFTR_GROU": "77",
        "KOFTR_NM": "침활혼효림",
        "updatedYear": "2025"
      },
      "geometry": {
        "type": "Polygon",
        "coordinates": [
          [
            [
              128.2178355377688,
              36.520641928376676
            ],
            [
              128.21803439944807,
              36.52082044531555
            ],
            [
              128.2184734731689,
              36.52053940434665
            ],
            [
              128.2185990828052,
              36.52020484661701
            ],
            [
              128.21848772742118,
              36.5199543167683
            ],
            [
              128.21889204004628,
              36.51948283546601
            ],
            [
              128.2187732763826,
              36.51936137067699
            ],
            [
              128.21822428002915,
              36.51980907691473
            ],
            [
              128.2178355377688,
              36.520641928376676
            ]
          ]
        ]
      }
    },
    {
      "type": "Feature",
      "properties": {
        "sourceRecordId": "47_2:000047",
        "sourceShard": "47_2",
        "FRTP_CD": "3",
        "FRTP_NM": "혼효림",
        "KOFTR_GROU": "77",
        "KOFTR_NM": "침활혼효림",
        "updatedYear": "2025"
      },
      "geometry": {
        "type": "Polygon",
        "coordinates": [
          [
            [
              128.19682870133784,
              36.5211347369119
            ],
            [
              128.19803256144124,
              36.52074066738727
            ],
            [
              128.1980029915876,
              36.52051227151287
            ],
            [
              128.19723031098027,
              36.52047471700544
            ],
            [
              128.19682870133784,
              36.5211347369119
            ]
          ]
        ]
      }
    },
    {
      "type": "Feature",
      "properties": {
        "sourceRecordId": "47_2:000048",
        "sourceShard": "47_2",
        "FRTP_CD": "3",
        "FRTP_NM": "혼효림",
        "KOFTR_GROU": "77",
        "KOFTR_NM": "침활혼효림",
        "updatedYear": "2025"
      },
      "geometry": {
        "type": "Polygon",
        "coordinates": [
          [
            [
              128.201479717514,
              36.522869259012914
            ],
            [
              128.2015487893448,
              36.52303002844248
            ],
            [
              128.20200968399288,
              36.52318706162384
            ],
            [
              128.20260200401054,
              36.52322649860788
            ],
            [
              128.20270264051732,
              36.523103042734306
            ],
            [
              128.2026786628454,
              36.522771757303026
            ],
            [
              128.2024339434267,
              36.5225314816837
            ],
            [
              128.2021478285561,
              36.52249250619429
            ],
            [
              128.2020302443825,
              36.52272050142762
            ],
            [
              128.201479717514,
              36.522869259012914
            ]
          ]
        ]
      }
    }
  ],
  "audit": {
    "sourceShards": [
      "47_1",
      "47_2"
    ],
    "sourceRecordsRead": 98,
    "publishedRecords": 96,
    "excludedOutsideGyeongbukRecords": 0,
    "deduplicatedOverlappingRecords": 0,
    "sourceProjection": "EPSG:5179",
    "filter": "Forest map Polygon SHP shards 47_1 and 47_2; CP949 attributes; EPSG:5179 transformed to WGS84; deterministically clipped to committed Gyeongbuk boundary; 10 m projected-ring simplification; first 48 unique eligible features per shard.",
    "limitation": "Forest geometry and forest-type/species attributes provide context only. They never create or change biological hotspot scores. MAP_LABEL is not a place name and no official place name is published."
  }
}
